071020;16:44:54;4.60;34.87;20.03;8.13;10.84;7.92;4.69;0.00;0.00;0.00;0.08;0.07;0.08;64.54;14.73;75.71;80.06;36.04;83.52;13.01;1.44;3.41;0.47;0.70;57.09;7.23;54.90;20.75;4.50;0.02;0.05;0.70;0.81;0.01;39.90;50.88;235.55;53.07;8.12;6.13;2.17;4.93;0.01;0.03;0.03;0.09;0.20;0.01;
071020;16:44:54;3.11;20.19;13.04;4.97;6.67;5.36;3.15;0.00;0.00;0.00;0.04;0.04;0.04;5.58;8.79;2.00;28.36;20.45;15.80;5.57;0.90;0.91;0.22;0.44;18.81;4.57;5.24;10.46;2.90;0.00;0.01;0.53;0.63;0.00;30.33;16.89;64.60;47.45;4.25;6.42;2.26;5.11;0.00;0.01;0.01;0.05;0.12;0.00;
071020;16:44:57;2.88;18.18;12.01;4.52;6.08;4.98;2.92;0.00;0.00;0.00;0.03;0.04;0.04;3.46;7.95;0.99;23.16;18.31;11.42;4.77;0.82;0.72;0.19;0.41;15.29;4.19;3.38;9.20;2.68;0.00;0.01;0.50;0.60;0.00;49.92;125.22;677.51;58.14;13.80;6.73;2.35;5.31;0.00;0.00;0.00;0.01;0.03;0.00;
071020;16:44:59;2.86;17.97;11.90;4.47;6.01;4.94;2.89;0.00;0.00;0.00;0.03;0.04;0.04;3.24;7.84;0.89;22.53;18.03;10.92;4.64;0.81;0.69;0.19;0.40;14.68;4.12;3.10;8.97;2.63;0.00;0.01;0.50;0.60;0.00;24.90;7.63;25.45;43.78;2.66;8.24;2.79;6.25;0.03;0.09;0.14;0.26;0.53;0.03;
071020;16:45:01;2.85;17.89;11.86;4.45;5.99;4.92;2.88;0.00;0.00;0.00;0.03;0.04;0.04;3.20;7.82;0.88;22.40;17.98;10.82;4.62;0.81;0.68;0.19;0.40;14.79;4.13;3.15;9.01;2.64;0.00;0.00;0.50;0.60;0.00;27.69;11.70;41.98;45.72;3.42;6.18;2.18;4.96;0.01;0.03;0.03;0.08;0.20;0.01;
071020;16:45:04;2.84;17.83;11.83;4.44;5.97;4.91;2.88;0.00;0.00;0.00;0.03;0.04;0.04;3.19;7.81;0.87;22.38;17.97;10.80;4.60;0.80;0.68;0.18;0.40;14.58;4.11;3.06;8.94;2.63;0.00;0.00;0.50;0.60;0.00;20.09;3.22;9.25;40.12;1.60;4.97;1.82;4.16;0.10;0.31;0.64;0.77;1.37;0.12;
071020;16:45:06;2.84;17.82;11.82;4.44;5.97;4.91;2.87;0.00;0.00;0.00;0.03;0.04;0.04;3.16;7.80;0.86;22.29;17.93;10.73;4.65;0.81;0.69;0.19;0.40;14.77;4.13;3.14;9.00;2.64;0.00;0.00;0.50;0.60;0.00;22.63;5.19;16.20;42.11;2.12;5.41;1.95;4.46;0.01;0.05;0.06;0.14;0.32;0.02;
071020;16:45:08;2.84;17.78;11.80;4.43;5.96;4.90;2.87;0.00;0.00;0.00;0.03;0.04;0.04;3.07;7.75;0.82;22.00;17.80;10.51;4.60;0.80;0.68;0.19;0.40;14.14;4.06;2.87;8.77;2.60;0.00;0.00;0.50;0.60;0.00;27.71;11.74;42.17;45.74;3.43;5.65;2.02;4.61;1.01;2.80;9.85;5.59;7.68;1.26;
071020;16:45:10;2.84;17.81;11.82;4.43;5.97;4.90;2.87;0.00;0.00;0.00;0.03;0.04;0.04;3.08;7.75;0.83;22.04;17.82;10.54;4.60;0.80;0.68;0.18;0.40;14.68;4.12;3.10;8.97;2.63;0.00;0.00;0.50;0.60;0.00;30.38;16.99;65.05;47.48;4.26;4.79;1.76;4.04;0.02;0.06;0.08;0.17;0.36;0.02;
071020;16:45:13;2.84;17.82;11.82;4.44;5.97;4.90;2.87;0.00;0.00;0.00;0.03;0.04;0.04;3.11;7.77;0.84;22.13;17.86;10.61;4.65;0.81;0.69;0.19;0.40;14.90;4.15;3.20;9.05;2.65;0.00;0.00;0.50;0.60;0.00;27.61;11.57;41.43;45.67;3.40;5.36;1.94;4.42;0.04;0.13;0.22;0.36;0.70;0.05;
071020;16:45:15;2.85;17.86;11.84;4.45;5.98;4.91;2.88;0.00;0.00;0.00;0.03;0.04;0.04;3.20;7.82;0.88;22.41;17.98;10.83;4.66;0.81;0.69;0.19;0.40;14.83;4.14;3.17;9.03;2.65;0.00;0.00;0.50;0.60;0.00;25.45;8.33;28.19;44.17;2.80;7.47;2.57;5.77;0.01;0.04;0.05;0.12;0.28;0.01;
071020;16:45:17;2.85;17.87;11.85;4.45;5.98;4.91;2.88;0.00;0.00;0.00;0.03;0.04;0.04;3.16;7.80;0.86;22.29;17.93;10.73;4.65;0.81;0.69;0.19;0.40;14.93;4.15;3.22;9.07;2.65;0.00;0.00;0.50;0.60;0.00;21.40;4.15;12.45;41.16;1.86;7.17;2.48;5.59;0.04;0.12;0.20;0.34;0.67;0.04;
071020;16:45:20;2.85;17.87;11.85;4.45;5.98;4.92;2.88;0.00;0.00;0.00;0.03;0.04;0.04;3.19;7.81;0.87;22.36;17.96;10.78;4.66;0.81;0.69;0.19;0.40;14.95;4.15;3.23;9.07;2.65;0.00;0.00;0.50;0.60;0.00;26.59;9.94;34.68;44.97;3.11;6.47;2.27;5.15;0.09;0.30;0.62;0.76;1.35;0.11;
071020;16:45:22;2.86;17.95;11.89;4.47;6.01;4.93;2.89;0.00;0.00;0.00;0.03;0.04;0.04;3.19;7.81;0.87;22.37;17.96;10.79;4.66;0.81;0.69;0.19;0.40;15.07;4.16;3.28;9.12;2.66;0.00;0.00;0.50;0.60;0.00;33.70;25.80;106.18;49.54;5.45;5.65;2.03;4.62;0.02;0.07;0.11;0.21;0.44;0.02;
071020;16:45:24;2.85;17.93;11.88;4.46;6.00;4.93;2.89;0.00;0.00;0.00;0.03;0.04;0.04;3.22;7.83;0.89;22.46;18.00;10.87;4.68;0.81;0.70;0.19;0.40;15.09;4.17;3.29;9.13;2.66;0.00;0.01;0.50;0.60;0.00;26.67;10.06;35.20;45.03;3.13;4.83;1.77;4.07;0.02;0.08;0.12;0.23;0.48;0.03;
071020;16:45:27;2.86;17.96;11.90;4.47;6.01;4.93;2.89;0.00;0.00;0.00;0.03;0.04;0.04;3.20;7.82;0.88;22.39;17.97;10.81;4.68;0.81;0.70;0.19;0.40;15.21;4.18;3.35;9.17;2.67;0.00;0.00;0.50;0.60;0.00;27.62;11.58;41.49;45.67;3.40;5.41;1.95;4.46;0.03;0.12;0.19;0.32;0.64;0.04;
071020;16:45:29;2.86;17.97;11.90;4.47;6.01;4.93;2.89;0.00;0.00;0.00;0.03;0.04;0.04;3.19;7.81;0.87;22.38;17.97;10.80;4.68;0.81;0.70;0.19;0.40;15.23;4.18;3.36;9.18;2.67;0.00;0.01;0.50;0.60;0.00;21.89;4.54;13.85;41.54;1.96;6.31;2.22;5.04;0.00;0.02;0.02;0.06;0.15;0.01;
071020;16:45:31;2.86;17.97;11.90;4.47;6.01;4.93;2.89;0.00;0.00;0.00;0.03;0.04;0.04;3.22;7.83;0.89;22.46;18.00;10.87;4.68;0.81;0.70;0.19;0.40;15.35;4.20;3.41;9.22;2.68;0.00;0.01;0.50;0.60;0.00;25.23;8.05;27.08;44.02;2.75;6.39;2.25;5.10;0.02;0.07;0.10;0.20;0.43;0.02;
071020;16:45:34;2.84;17.77;11.80;4.43;5.95;4.90;2.87;0.00;0.00;0.00;0.03;0.04;0.04;3.05;7.74;0.82;21.95;17.78;10.47;4.60;0.80;0.68;0.18;0.40;14.81;4.13;3.16;9.02;2.64;0.00;0.00;0.50;0.59;0.00;49.25;118.63;635.87;57.82;13.37;6.98;2.42;5.47;0.00;0.00;0.00;0.02;0.05;0.00;
071020;16:45:36;2.84;17.77;11.80;4.43;5.95;4.90;2.87;0.00;0.00;0.00;0.03;0.04;0.04;3.05;7.74;0.82;21.94;17.77;10.46;4.59;0.80;0.68;0.18;0.40;14.48;4.10;3.01;8.89;2.62;0.00;0.00;0.50;0.59;0.00;33.60;25.47;104.62;49.47;5.41;7.99;2.72;6.10;0.00;0.01;0.01;0.05;0.12;0.00;
071020;16:45:38;2.84;17.77;11.80;4.43;5.95;4.90;2.87;0.00;0.00;0.00;0.03;0.04;0.04;3.05;7.74;0.82;21.94;17.77;10.46;4.59;0.80;0.68;0.18;0.40;14.41;4.09;2.99;8.87;2.62;0.00;0.00;0.50;0.60;0.00;34.26;27.55;114.72;49.87;5.66;6.92;2.41;5.43;0.00;0.02;0.02;0.06;0.15;0.01;
071020;16:45:41;2.84;17.81;11.82;4.43;5.97;4.90;2.87;0.00;0.00;0.00;0.03;0.04;0.04;3.07;7.75;0.83;22.02;17.81;10.53;4.64;0.81;0.69;0.19;0.40;15.07;4.17;3.28;9.12;2.66;0.00;0.00;0.50;0.60;0.00;27.46;11.31;40.36;45.56;3.35;9.02;3.01;6.72;0.04;0.15;0.26;0.40;0.78;0.05;
071020;16:45:43;2.85;17.86;11.84;4.45;5.98;4.91;2.88;0.00;0.00;0.00;0.03;0.04;0.04;3.08;7.75;0.83;22.04;17.82;10.54;4.67;0.81;0.70;0.19;0.40;14.86;4.14;3.19;9.04;2.65;0.00;0.00;0.50;0.60;0.00;22.26;4.87;15.01;41.83;2.04;6.92;2.41;5.43;0.03;0.09;0.14;0.26;0.53;0.03;
071020;16:45:45;2.86;17.95;11.89;4.47;6.01;4.93;2.89;0.00;0.00;0.00;0.03;0.04;0.04;3.20;7.82;0.88;22.39;17.97;10.81;4.68;0.81;0.70;0.19;0.40;15.51;4.22;3.49;9.28;2.69;0.00;0.01;0.50;0.60;0.00;28.49;13.12;48.03;46.25;3.66;5.73;2.05;4.66;0.01;0.03;0.04;0.10;0.23;0.01;
071020;16:45:47;2.85;17.89;11.86;4.45;5.99;4.92;2.88;0.00;0.00;0.00;0.03;0.04;0.04;3.13;7.78;0.85;22.20;17.89;10.66;4.65;0.81;0.69;0.19;0.40;15.18;4.18;3.33;9.16;2.67;0.00;0.00;0.50;0.60;0.00;24.90;7.63;25.45;43.78;2.66;6.31;2.23;5.05;0.01;0.03;0.04;0.10;0.24;0.01;
071020;16:45:50;2.86;17.95;11.89;4.47;6.01;4.93;2.89;0.00;0.00;0.00;0.03;0.04;0.04;3.21;7.82;0.88;22.43;17.99;10.84;4.68;0.81;0.70;0.19;0.40;15.69;4.24;3.58;9.35;2.70;0.00;0.01;0.50;0.60;0.00;30.29;16.79;64.17;47.43;4.23;7.67;2.62;5.90;0.00;0.02;0.02;0.05;0.13;0.00;
071020;16:45:52;2.85;17.93;11.88;4.46;6.00;4.93;2.89;0.00;0.00;0.00;0.03;0.04;0.04;3.22;7.83;0.89;22.47;18.01;10.87;4.67;0.81;0.69;0.19;0.40;15.80;4.25;3.63;9.39;2.71;0.00;0.00;0.50;0.60;0.00;38.53;44.19;199.65;52.32;7.48;5.39;1.94;4.44;0.01;0.03;0.04;0.10;0.23;0.01;
071020;16:45:54;2.86;17.96;11.90;4.47;6.01;4.93;2.89;0.00;0.00;0.00;0.04;0.04;0.04;3.29;7.86;0.91;22.66;18.09;11.02;4.71;0.81;0.70;0.19;0.41;15.82;4.25;3.64;9.40;2.71;0.00;0.01;0.50;0.60;0.00;43.85;74.33;367.47;55.15;10.15;7.86;2.68;6.02;0.00;0.02;0.02;0.06;0.14;0.01;
071020;16:45:57;2.86;18.01;11.92;4.48;6.02;4.94;2.90;0.00;0.00;0.00;0.04;0.04;0.04;3.27;7.85;0.91;22.61;18.07;10.98;4.76;0.82;0.71;0.19;0.41;16.07;4.28;3.76;9.49;2.73;0.00;0.01;0.50;0.60;0.00;33.70;25.79;106.15;49.54;5.45;7.11;2.46;5.55;0.01;0.04;0.05;0.12;0.27;0.01;
071020;16:45:59;2.85;17.86;11.84;4.45;5.98;4.91;2.88;0.00;0.00;0.00;0.04;0.04;0.04;3.06;7.74;0.82;21.98;17.79;10.49;4.70;0.81;0.70;0.19;0.41;14.83;4.14;3.17;9.03;2.64;0.00;0.00;0.50;0.60;0.00;35.91;33.28;143.17;50.83;6.33;6.90;2.40;5.42;0.02;0.06;0.08;0.17;0.36;0.02;
071020;16:46:01;2.86;17.95;11.89;4.47;6.01;4.93;2.89;0.00;0.00;0.00;0.04;0.04;0.04;3.05;7.74;0.82;21.94;17.78;10.47;4.71;0.82;0.70;0.19;0.41;14.59;4.11;3.06;8.94;2.63;0.00;0.00;0.50;0.60;0.00;35.69;32.49;139.19;50.71;6.24;9.02;3.01;6.72;0.04;0.13;0.22;0.35;0.69;0.05;
071020;16:46:04;2.86;17.97;11.90;4.47;6.01;4.93;2.89;0.00;0.00;0.00;0.04;0.04;0.04;3.08;7.75;0.83;22.02;17.81;10.53;4.77;0.82;0.72;0.19;0.41;15.11;4.17;3.30;9.13;2.66;0.00;0.00;0.50;0.60;0.00;29.59;15.28;57.45;46.98;4.00;7.82;2.67;6.00;0.01;0.04;0.06;0.13;0.30;0.01;
071020;16:46:06;2.86;18.01;11.92;4.48;6.02;4.94;2.90;0.00;0.00;0.00;0.04;0.04;0.04;3.08;7.76;0.83;22.04;17.82;10.54;4.84;0.83;0.73;0.19;0.41;15.10;4.17;3.29;9.13;2.66;0.00;0.00;0.50;0.60;0.00;31.29;19.14;74.82;48.06;4.57;5.39;1.94;4.44;0.01;0.03;0.03;0.08;0.20;0.01;
071020;16:46:08;2.88;18.14;11.99;4.51;6.06;4.97;2.91;0.00;0.00;0.00;0.04;0.04;0.04;3.20;7.82;0.88;22.39;17.97;10.81;4.94;0.84;0.76;0.20;0.42;15.92;4.26;3.68;9.43;2.72;0.00;0.01;0.50;0.60;0.00;33.38;24.80;101.38;49.34;5.32;5.40;1.95;4.45;0.01;0.04;0.05;0.12;0.27;0.01;
071020;16:46:11;2.89;18.21;12.02;4.52;6.08;4.98;2.92;0.00;0.00;0.00;0.04;0.04;0.04;3.38;7.91;0.95;22.91;18.20;11.22;5.04;0.85;0.78;0.20;0.42;16.57;4.33;4.01;9.67;2.76;0.00;0.01;0.50;0.60;0.00;33.82;26.15;107.87;49.60;5.49;5.36;1.94;4.42;0.00;0.02;0.02;0.06;0.14;0.01;
071020;16:46:13;2.89;18.26;12.05;4.54;6.10;4.99;2.93;0.00;0.00;0.00;0.04;0.04;0.05;3.41;7.92;0.96;23.02;18.25;11.30;5.12;0.85;0.80;0.20;0.42;17.09;4.39;4.28;9.85;2.80;0.00;0.01;0.50;0.60;0.00;28.81;13.72;50.61;46.46;3.76;6.56;2.30;5.20;0.02;0.07;0.11;0.21;0.44;0.02;
071020;16:46:15;2.89;18.27;12.06;4.54;6.10;4.99;2.93;0.00;0.00;0.00;0.04;0.04;0.05;3.30;7.87;0.92;22.68;18.10;11.03;5.14;0.86;0.81;0.20;0.43;16.68;4.34;4.07;9.71;2.77;0.00;0.01;0.50;0.60;0.00;32.14;21.30;84.84;48.59;4.87;6.32;2.23;5.05;0.01;0.03;0.03;0.09;0.21;0.01;
071020;16:46:18;2.90;18.36;12.10;4.56;6.13;5.01;2.94;0.00;0.00;0.00;0.04;0.04;0.05;3.49;7.96;1.00;23.24;18.34;11.48;5.23;0.86;0.83;0.21;0.43;17.63;4.44;4.57;10.04;2.83;0.00;0.01;0.50;0.60;0.00;33.87;26.32;108.74;49.64;5.51;5.12;1.86;4.26;0.00;0.02;0.02;0.06;0.15;0.01;
071020;16:46:20;2.91;18.42;12.13;4.57;6.15;5.02;2.94;0.00;0.00;0.00;0.04;0.04;0.05;3.57;8.00;1.03;23.45;18.43;11.64;5.27;0.87;0.84;0.21;0.43;17.82;4.46;4.68;10.11;2.84;0.00;0.01;0.50;0.60;0.00;31.40;19.40;75.99;48.13;4.61;7.37;2.54;5.72;0.01;0.02;0.02;0.07;0.17;0.01;
071020;16:46:22;2.89;18.26;12.05;4.54;6.10;4.99;2.93;0.00;0.00;0.00;0.04;0.04;0.05;3.32;7.88;0.93;22.76;18.14;11.10;5.20;0.86;0.82;0.21;0.43;16.45;4.32;3.95;9.62;2.76;0.00;0.01;0.50;0.60;0.00;39.52;48.93;225.03;52.86;7.94;6.94;2.41;5.45;0.01;0.04;0.05;0.13;0.29;0.01;
071020;16:46:24;2.91;18.40;12.12;4.57;6.14;5.02;2.94;0.00;0.00;0.00;0.04;0.04;0.05;3.47;7.95;0.99;23.17;18.31;11.42;5.29;0.87;0.84;0.21;0.43;17.45;4.43;4.47;9.98;2.82;0.00;0.01;0.50;0.60;0.00;28.54;13.21;48.43;46.29;3.68;5.63;2.02;4.60;0.44;1.29;3.75;2.77;4.18;0.55;
071020;16:46:27;2.93;18.63;12.24;4.62;6.21;5.06;2.97;0.00;0.00;0.00;0.04;0.04;0.05;3.76;8.09;1.12;24.00;18.67;12.08;5.49;0.89;0.89;0.22;0.44;18.87;4.57;5.28;10.48;2.91;0.00;0.01;0.51;0.60;0.00;32.89;23.38;94.61;49.05;5.14;4.95;1.81;4.15;0.01;0.02;0.02;0.07;0.17;0.01;
071020;16:46:29;2.94;18.72;12.29;4.64;6.24;5.08;2.98;0.00;0.00;0.00;0.05;0.05;0.05;4.01;8.20;1.23;24.65;18.94;12.61;5.61;0.90;0.92;0.22;0.45;19.60;4.64;5.72;10.72;2.95;0.00;0.01;0.51;0.61;0.00;31.31;19.18;75.02;48.07;4.58;6.75;2.36;5.32;0.03;0.10;0.15;0.27;0.55;0.03;
071020;16:46:31;2.94;18.70;12.28;4.63;6.23;5.08;2.98;0.00;0.00;0.00;0.05;0.05;0.05;3.91;8.16;1.18;24.39;18.83;12.40;5.62;0.90;0.93;0.22;0.45;19.60;4.64;5.72;10.72;2.95;0.00;0.01;0.51;0.61;0.00;26.30;9.51;32.94;44.77;3.03;5.84;2.08;4.74;0.02;0.06;0.09;0.18;0.38;0.02;
071020;16:46:34;2.95;18.78;12.32;4.65;6.25;5.09;2.99;0.00;0.00;0.00;0.05;0.05;0.05;4.00;8.20;1.22;24.63;18.93;12.60;5.67;0.90;0.94;0.22;0.45;20.04;4.69;6.00;10.87;2.98;0.00;0.01;0.51;0.61;0.00;25.87;8.90;30.47;44.47;2.91;6.25;2.21;5.00;0.02;0.09;0.13;0.25;0.51;0.03;
071020;16:46:36;2.93;18.62;12.24;4.62;6.21;5.06;2.97;0.00;0.00;0.00;0.04;0.04;0.05;3.66;8.04;1.07;23.72;18.55;11.86;5.55;0.89;0.91;0.22;0.44;18.13;4.50;4.85;10.22;2.86;0.00;0.01;0.51;0.60;0.00;27.14;10.79;38.19;45.35;3.26;6.83;2.38;5.38;0.01;0.04;0.05;0.12;0.27;0.01;
071020;16:46:38;2.94;18.72;12.29;4.64;6.24;5.08;2.98;0.00;0.00;0.00;0.05;0.05;0.05;3.91;8.16;1.18;24.40;18.83;12.41;5.69;0.91;0.94;0.22;0.45;19.16;4.60;5.45;10.57;2.93;0.00;0.01;0.51;0.61;0.00;26.38;9.63;33.41;44.83;3.05;8.13;2.76;6.18;0.08;0.25;0.48;0.63;1.14;0.09;
071020;16:46:41;2.96;18.87;12.36;4.67;6.28;5.11;3.00;0.00;0.00;0.00;0.05;0.05;0.05;4.27;8.31;1.35;25.31;19.22;13.16;5.86;0.92;0.99;0.23;0.46;20.67;4.75;6.40;11.08;3.01;0.00;0.01;0.51;0.61;0.00;26.67;10.06;35.16;45.02;3.13;6.77;2.36;5.34;1.37;3.74;14.10;7.25;9.64;1.73;
071020;16:46:43;3.00;19.20;12.53;4.74;6.38;5.17;3.03;0.00;0.00;0.00;0.05;0.05;0.05;4.81;8.52;1.61;26.62;19.75;14.27;6.03;0.94;1.03;0.24;0.46;23.56;5.01;8.44;12.01;3.17;0.00;0.01;0.52;0.61;0.00;35.66;32.38;138.65;50.69;6.23;6.51;2.28;5.17;0.08;0.26;0.51;0.65;1.18;0.10;
071020;16:46:45;2.97;18.96;12.41;4.69;6.31;5.13;3.01;0.00;0.00;0.00;0.05;0.05;0.05;4.45;8.38;1.43;25.76;19.40;13.54;5.89;0.92;1.00;0.23;0.46;21.56;4.83;7.00;11.38;3.06;0.00;0.01;0.51;0.61;0.00;30.47;17.20;66.01;47.54;4.29;5.04;1.84;4.21;0.01;0.05;0.06;0.14;0.32;0.02;
071020;16:46:48;2.99;19.13;12.50;4.73;6.36;5.16;3.03;0.00;0.00;0.00;0.05;0.05;0.05;4.90;8.55;1.65;26.82;19.84;14.45;6.10;0.94;1.05;0.24;0.47;23.95;5.05;8.74;12.14;3.19;0.00;0.01;0.52;0.61;0.00;31.63;19.99;78.71;48.27;4.69;6.90;2.40;5.42;0.01;0.05;0.06;0.14;0.31;0.01;
071020;16:46:50;2.98;19.08;12.47;4.72;6.34;5.15;3.02;0.00;0.00;0.00;0.05;0.05;0.05;4.68;8.47;1.54;26.31;19.63;14.01;6.03;0.94;1.03;0.24;0.46;22.93;4.96;7.97;11.81;3.14;0.00;0.01;0.51;0.61;0.00;34.34;27.80;115.94;49.92;5.69;5.96;2.12;4.82;0.01;0.05;0.07;0.15;0.34;0.02;
071020;16:46:52;3.01;19.28;12.58;4.76;6.40;5.19;3.04;0.00;0.00;0.00;0.05;0.05;0.05;4.94;8.57;1.67;26.94;19.88;14.54;6.14;0.95;1.06;0.24;0.47;24.08;5.06;8.84;12.18;3.20;0.00;0.01;0.52;0.61;0.00;34.85;29.51;124.31;50.22;5.90;5.26;1.90;4.35;0.01;0.04;0.04;0.11;0.25;0.01;
071020;16:46:55;3.01;19.28;12.58;4.76;6.40;5.19;3.04;0.00;0.00;0.00;0.05;0.05;0.06;5.00;8.59;1.70;27.07;19.93;14.65;6.18;0.95;1.07;0.24;0.47;24.32;5.08;9.03;12.25;3.21;0.00;0.01;0.52;0.61;0.00;36.22;34.47;149.19;51.01;6.46;6.79;2.37;5.35;0.00;0.02;0.02;0.06;0.15;0.01;
071020;16:46:57;2.96;18.85;12.36;4.67;6.27;5.11;2.99;0.00;0.00;0.00;0.05;0.05;0.05;4.05;8.22;1.24;24.75;18.98;12.70;5.85;0.92;0.99;0.23;0.46;19.42;4.63;5.61;10.66;2.94;0.00;0.01;0.51;0.61;0.00;29.93;15.99;60.61;47.19;4.11;6.87;2.39;5.40;0.03;0.12;0.19;0.32;0.64;0.04;
071020;16:46:59;2.96;18.85;12.36;4.67;6.27;5.11;2.99;0.00;0.00;0.00;0.05;0.05;0.05;4.11;8.24;1.27;24.90;19.04;12.82;5.91;0.92;1.00;0.23;0.46;20.00;4.68;5.97;10.86;2.98;0.00;0.01;0.51;0.61;0.00;26.73;10.15;35.56;45.07;3.15;5.21;1.89;4.32;0.06;0.19;0.35;0.50;0.94;0.07;
071020;16:47:02;2.98;19.02;12.44;4.71;6.33;5.14;3.01;0.00;0.00;0.00;0.05;0.05;0.05;4.39;8.36;1.40;25.62;19.34;13.42;6.05;0.94;1.04;0.24;0.46;21.18;4.80;6.74;11.25;3.04;0.00;0.01;0.51;0.61;0.00;33.12;24.05;97.82;49.19;5.23;6.84;2.38;5.38;0.02;0.06;0.08;0.17;0.37;0.02;
071020;16:47:04;3.00;19.23;12.55;4.75;6.39;5.18;3.04;0.00;0.00;0.00;0.05;0.05;0.05;4.62;8.45;1.51;26.17;19.57;13.89;6.20;0.95;1.08;0.24;0.47;22.21;4.89;7.45;11.59;3.10;0.00;0.01;0.51;0.61;0.00;29.63;15.37;57.84;47.00;4.02;7.99;2.72;6.10;0.02;0.06;0.09;0.18;0.39;0.02;
071020;16:47:06;2.98;19.05;12.46;4.71;6.33;5.15;3.02;0.00;0.00;0.00;0.05;0.05;0.05;4.50;8.40;1.45;25.88;19.45;13.64;6.14;0.94;1.06;0.24;0.47;21.63;4.84;7.05;11.40;3.07;0.00;0.01;0.51;0.61;0.00;34.23;27.46;114.26;49.85;5.65;6.57;2.30;5.21;0.01;0.03;0.04;0.10;0.24;0.01;
071020;16:47:08;2.95;18.81;12.33;4.66;6.26;5.10;2.99;0.00;0.00;0.00;0.05;0.05;0.05;4.08;8.23;1.26;24.82;19.01;12.76;6.00;0.93;1.03;0.24;0.46;19.70;4.65;5.78;10.76;2.96;0.00;0.01;0.51;0.60;0.00;33.16;24.17;98.40;49.21;5.24;7.13;2.47;5.56;0.01;0.02;0.02;0.07;0.16;0.01;
071020;16:47:11;2.95;18.76;12.31;4.65;6.25;5.09;2.98;0.00;0.00;0.00;0.05;0.05;0.05;3.71;8.07;1.09;23.86;18.61;11.97;5.89;0.92;1.00;0.23;0.46;17.68;4.45;4.60;10.06;2.83;0.00;0.01;0.50;0.60;0.00;34.43;28.09;117.36;49.97;5.73;6.29;2.22;5.03;0.02;0.07;0.10;0.19;0.41;0.02;
071020;16:47:13;2.95;18.75;12.30;4.64;6.24;5.09;2.98;0.00;0.00;0.00;0.05;0.05;0.05;3.61;8.02;1.05;23.57;18.49;11.74;5.86;0.92;0.99;0.23;0.46;17.18;4.40;4.33;9.89;2.80;0.00;0.01;0.50;0.60;0.00;29.57;15.23;57.24;46.96;4.00;5.84;2.08;4.74;0.01;0.04;0.05;0.12;0.26;0.01;
071020;16:47:15;2.95;18.75;12.30;4.64;6.24;5.09;2.98;0.00;0.00;0.00;0.05;0.05;0.05;3.56;7.99;1.03;23.43;18.42;11.62;5.86;0.92;0.99;0.23;0.46;16.83;4.36;4.15;9.76;2.78;0.00;0.01;0.50;0.60;0.00;31.53;19.73;77.52;48.21;4.65;4.85;1.78;4.08;0.01;0.05;0.06;0.13;0.30;0.01;
071020;16:47:18;2.95;18.74;12.30;4.64;6.24;5.09;2.98;0.00;0.00;0.00;0.04;0.05;0.05;3.51;7.97;1.01;23.30;18.37;11.53;5.89;0.92;1.00;0.23;0.46;16.76;4.35;4.11;9.74;2.78;0.00;0.01;0.50;0.60;0.00;25.67;8.63;29.38;44.33;2.86;5.74;2.05;4.67;0.01;0.02;0.03;0.08;0.19;0.01;
071020;16:47:20;2.95;18.74;12.30;4.64;6.24;5.09;2.98;0.00;0.00;0.00;0.04;0.04;0.05;3.47;7.95;0.99;23.19;18.32;11.43;5.87;0.92;0.99;0.23;0.46;16.25;4.30;3.85;9.55;2.74;0.00;0.01;0.50;0.60;0.00;34.76;29.19;122.77;50.16;5.86;4.58;1.69;3.90;0.01;0.03;0.04;0.10;0.23;0.01;
071020;16:47:22;2.94;18.70;12.28;4.63;6.23;5.08;2.98;0.00;0.00;0.00;0.04;0.04;0.05;3.46;7.95;0.99;23.16;18.31;11.42;5.91;0.93;1.00;0.23;0.46;16.27;4.30;3.86;9.56;2.74;0.00;0.01;0.50;0.60;0.00;31.39;19.37;75.87;48.12;4.60;5.88;2.10;4.77;0.01;0.03;0.04;0.10;0.23;0.01;
071020;16:47:25;2.95;18.74;12.30;4.64;6.24;5.08;2.98;0.00;0.00;0.00;0.04;0.05;0.05;3.53;7.98;1.01;23.34;18.39;11.56;5.94;0.93;1.01;0.23;0.46;16.40;4.31;3.93;9.61;2.75;0.00;0.01;0.50;0.60;0.00;38.70;44.96;203.75;52.41;7.55;7.96;2.71;6.08;0.01;0.05;0.06;0.14;0.30;0.01;
071020;16:47:27;2.95;18.74;12.30;4.64;6.24;5.09;2.98;0.00;0.00;0.00;0.04;0.05;0.05;3.54;7.99;1.02;23.38;18.40;11.59;5.96;0.93;1.02;0.23;0.46;16.06;4.28;3.75;9.48;2.73;0.00;0.01;0.50;0.60;0.00;35.45;31.62;134.84;50.57;6.14;7.46;2.56;5.77;0.01;0.02;0.03;0.08;0.18;0.01;
071020;16:47:29;2.95;18.74;12.30;4.64;6.24;5.09;2.98;0.00;0.00;0.00;0.04;0.04;0.05;3.54;7.99;1.02;23.39;18.40;11.59;5.97;0.93;1.02;0.23;0.46;16.11;4.28;3.78;9.50;2.73;0.00;0.01;0.50;0.60;0.00;25.01;7.77;25.99;43.86;2.69;5.39;1.95;4.45;0.01;0.04;0.05;0.12;0.27;0.01;
071020;16:47:32;2.95;18.79;12.32;4.65;6.26;5.09;2.99;0.00;0.00;0.00;0.04;0.04;0.05;3.58;8.00;1.03;23.48;18.45;11.67;5.99;0.93;1.02;0.23;0.46;16.00;4.27;3.73;9.46;2.73;0.00;0.01;0.50;0.60;0.00;36.34;34.93;151.53;51.08;6.51;6.43;2.26;5.12;0.03;0.09;0.14;0.25;0.52;0.03;
071020;16:47:34;2.95;18.80;12.33;4.66;6.26;5.10;2.99;0.00;0.00;0.00;0.04;0.05;0.05;3.58;8.01;1.04;23.50;18.45;11.68;5.99;0.93;1.02;0.23;0.46;15.98;4.27;3.71;9.45;2.72;0.00;0.01;0.50;0.60;0.00;36.11;34.05;147.06;50.95;6.41;5.36;1.94;4.43;0.01;0.03;0.04;0.10;0.24;0.01;
071020;16:47:36;2.95;18.80;12.33;4.66;6.26;5.10;2.99;0.00;0.00;0.00;0.04;0.04;0.05;3.62;8.02;1.05;23.60;18.49;11.76;5.97;0.93;1.02;0.23;0.46;15.98;4.27;3.71;9.45;2.72;0.00;0.00;0.50;0.60;0.00;37.46;39.45;174.78;51.72;6.99;6.20;2.19;4.97;0.01;0.03;0.04;0.10;0.23;0.01;
071020;16:47:39;2.95;18.80;12.33;4.66;6.26;5.10;2.99;0.00;0.00;0.00;0.04;0.05;0.05;3.59;8.01;1.04;23.52;18.46;11.70;5.99;0.93;1.02;0.23;0.46;16.10;4.28;3.77;9.50;2.73;0.00;0.01;0.50;0.60;0.00;40.46;53.80;251.52;53.37;8.40;6.93;2.41;5.44;0.07;0.24;0.47;0.61;1.12;0.09;
071020;16:47:41;2.95;18.76;12.31;4.65;6.25;5.09;2.98;0.00;0.00;0.00;0.04;0.05;0.05;3.62;8.02;1.05;23.60;18.50;11.76;6.04;0.94;1.04;0.24;0.46;16.00;4.27;3.72;9.46;2.73;0.00;0.01;0.50;0.60;0.00;51.56;142.66;789.53;58.92;14.90;6.24;2.20;5.00;0.02;0.05;0.07;0.16;0.35;0.02;
071020;16:47:43;2.96;18.87;12.37;4.67;6.28;5.11;3.00;0.00;0.00;0.00;0.04;0.05;0.05;3.63;8.03;1.06;23.62;18.50;11.78;6.07;0.94;1.04;0.24;0.47;16.22;4.29;3.84;9.54;2.74;0.00;0.01;0.50;0.60;0.00;33.14;24.10;98.03;49.20;5.23;5.02;1.83;4.19;0.00;0.01;0.01;0.05;0.12;0.00;
071020;16:47:45;2.95;18.77;12.31;4.65;6.25;5.09;2.98;0.00;0.00;0.00;0.04;0.05;0.05;3.63;8.03;1.06;23.62;18.50;11.78;6.06;0.94;1.04;0.24;0.47;16.15;4.29;3.80;9.51;2.74;0.00;0.01;0.50;0.60;0.00;38.47;43.93;198.28;52.28;7.45;6.72;2.35;5.30;0.00;0.02;0.02;0.05;0.14;0.00;
071020;16:47:48;2.95;18.75;12.30;4.64;6.24;5.09;2.98;0.00;0.00;0.00;0.04;0.04;0.05;3.63;8.03;1.06;23.62;18.50;11.78;6.04;0.94;1.04;0.24;0.46;15.89;4.26;3.67;9.42;2.72;0.00;0.00;0.50;0.60;0.00;35.70;32.51;139.27;50.71;6.24;7.02;2.43;5.49;0.02;0.06;0.08;0.18;0.38;0.02;
071020;16:47:50;2.96;18.83;12.35;4.66;6.27;5.10;2.99;0.00;0.00;0.00;0.05;0.05;0.05;3.63;8.03;1.06;23.62;18.50;11.78;6.07;0.94;1.04;0.24;0.47;16.20;4.29;3.82;9.53;2.74;0.00;0.01;0.50;0.60;0.00;34.34;27.82;116.00;49.92;5.70;5.91;2.10;4.79;0.01;0.04;0.05;0.12;0.28;0.01;
071020;16:47:52;2.95;18.80;12.33;4.66;6.26;5.10;2.99;0.00;0.00;0.00;0.04;0.05;0.05;3.63;8.03;1.06;23.62;18.50;11.78;6.06;0.94;1.04;0.24;0.47;15.90;4.26;3.68;9.43;2.72;0.00;0.01;0.50;0.60;0.00;32.11;21.22;84.45;48.57;4.86;7.05;2.44;5.51;0.05;0.17;0.31;0.45;0.86;0.06;
071020;16:47:55;2.97;18.93;12.40;4.68;6.30;5.12;3.00;0.00;0.00;0.00;0.05;0.05;0.05;3.73;8.07;1.10;23.90;18.62;12.00;6.08;0.94;1.05;0.24;0.47;16.20;4.29;3.83;9.54;2.74;0.00;0.01;0.50;0.60;0.00;31.42;19.45;76.23;48.14;4.61;8.45;2.85;6.38;0.03;0.12;0.19;0.32;0.63;0.04;
071020;16:47:57;2.96;18.82;12.34;4.66;6.27;5.10;2.99;0.00;0.00;0.00;0.05;0.05;0.05;3.65;8.04;1.06;23.68;18.53;11.82;6.08;0.94;1.05;0.24;0.47;16.02;4.27;3.74;9.47;2.73;0.00;0.01;0.50;0.60;0.00;35.34;31.22;132.83;50.51;6.10;5.97;2.12;4.82;0.07;0.24;0.47;0.61;1.12;0.09;
071020;16:47:59;2.97;18.93;12.40;4.69;6.30;5.12;3.00;0.00;0.00;0.00;0.05;0.05;0.05;3.80;8.11;1.13;24.10;18.71;12.17;6.13;0.94;1.06;0.24;0.47;16.11;4.28;3.78;9.50;2.73;0.00;0.01;0.50;0.60;0.00;33.47;25.07;102.70;49.39;5.36;6.17;2.18;4.95;0.11;0.34;0.71;0.83;1.46;0.13;
071020;16:48:02;2.96;18.82;12.34;4.66;6.27;5.10;2.99;0.00;0.00;0.00;0.05;0.05;0.05;3.66;8.04;1.07;23.72;18.55;11.86;6.11;0.94;1.05;0.24;0.47;15.88;4.26;3.67;9.42;2.72;0.00;0.01;0.50;0.60;0.00;34.83;29.45;124.06;50.21;5.89;7.20;2.49;5.61;0.19;0.59;1.41;1.36;2.25;0.23;
071020;16:48:04;2.97;18.97;12.42;4.69;6.31;5.13;3.01;0.00;0.00;0.00;0.05;0.05;0.05;3.81;8.11;1.13;24.11;18.71;12.17;6.16;0.95;1.07;0.24;0.47;16.32;4.31;3.88;9.58;2.75;0.00;0.01;0.50;0.60;0.00;36.44;35.29;153.37;51.14;6.55;5.48;1.97;4.50;0.01;0.04;0.05;0.11;0.26;0.01;
071020;16:48:06;2.96;18.88;12.37;4.67;6.28;5.11;3.00;0.00;0.00;0.00;0.04;0.05;0.05;3.84;8.12;1.15;24.19;18.75;12.24;6.15;0.95;1.07;0.24;0.47;16.41;4.31;3.93;9.61;2.75;0.00;0.01;0.50;0.60;0.00;44.44;78.47;391.58;55.45;10.48;5.97;2.12;4.82;0.00;0.01;0.01;0.05;0.12;0.00;
071020;16:48:09;2.97;18.94;12.40;4.69;6.30;5.12;3.00;0.00;0.00;0.00;0.04;0.04;0.05;3.88;8.14;1.17;24.30;18.79;12.33;6.15;0.95;1.06;0.24;0.47;16.43;4.32;3.94;9.62;2.75;0.00;0.01;0.50;0.60;0.00;25.06;7.83;26.22;43.90;2.70;5.55;2.00;4.55;0.01;0.03;0.04;0.10;0.23;0.01;
071020;16:48:11;2.95;18.78;12.32;4.65;6.25;5.09;2.99;0.00;0.00;0.00;0.04;0.04;0.05;3.71;8.07;1.09;23.85;18.60;11.96;6.00;0.93;1.03;0.24;0.46;15.82;4.25;3.64;9.40;2.71;0.00;0.01;0.50;0.60;0.00;50.24;128.50;698.40;58.29;14.01;7.95;2.71;6.07;0.00;0.00;0.00;0.01;0.03;0.00;
071020;16:48:13;2.95;18.75;12.31;4.65;6.25;5.09;2.98;0.00;0.00;0.00;0.04;0.04;0.05;3.78;8.10;1.12;24.04;18.68;12.12;5.99;0.93;1.02;0.23;0.46;15.95;4.26;3.70;9.44;2.72;0.00;0.01;0.50;0.60;0.00;21.39;4.14;12.43;41.15;1.86;6.66;2.33;5.27;0.01;0.03;0.03;0.08;0.20;0.01;
071020;16:48:16;2.96;18.87;12.37;4.67;6.28;5.11;3.00;0.00;0.00;0.00;0.04;0.04;0.05;3.83;8.12;1.15;24.17;18.74;12.23;5.97;0.93;1.02;0.23;0.46;16.46;4.32;3.95;9.63;2.76;0.00;0.01;0.50;0.60;0.00;21.24;4.03;12.02;41.04;1.83;5.45;1.96;4.48;0.02;0.07;0.11;0.21;0.45;0.03;
071020;16:48:18;2.95;18.81;12.34;4.66;6.26;5.10;2.99;0.00;0.00;0.00;0.04;0.04;0.05;3.84;8.12;1.15;24.20;18.75;12.25;5.95;0.93;1.01;0.23;0.46;16.44;4.32;3.94;9.62;2.75;0.00;0.01;0.50;0.60;0.00;33.60;25.48;104.65;49.48;5.41;5.04;1.84;4.21;0.01;0.05;0.07;0.15;0.34;0.02;
071020;16:48:20;2.96;18.84;12.35;4.67;6.27;5.10;2.99;0.00;0.00;0.00;0.04;0.04;0.05;3.81;8.11;1.13;24.11;18.71;12.17;5.89;0.92;1.00;0.23;0.46;16.19;4.29;3.82;9.53;2.74;0.00;0.01;0.50;0.60;0.00;27.63;11.60;41.58;45.68;3.40;4.95;1.81;4.15;0.01;0.04;0.05;0.12;0.28;0.01;
071020;16:48:22;2.96;18.89;12.38;4.68;6.29;5.11;3.00;0.00;0.00;0.00;0.04;0.04;0.05;4.02;8.20;1.23;24.67;18.95;12.63;5.94;0.93;1.01;0.23;0.46;16.88;4.37;4.17;9.78;2.78;0.00;0.01;0.50;0.60;0.00;27.36;11.15;39.70;45.50;3.33;6.03;2.14;4.87;0.01;0.05;0.07;0.16;0.35;0.02;
071020;16:48:25;2.95;18.77;12.32;4.65;6.25;5.09;2.99;0.00;0.00;0.00;0.04;0.04;0.04;3.77;8.09;1.12;24.01;18.67;12.10;5.79;0.91;0.97;0.23;0.45;15.91;4.26;3.68;9.43;2.72;0.00;0.01;0.50;0.60;0.00;31.61;19.93;78.46;48.26;4.68;5.43;1.96;4.47;0.04;0.15;0.26;0.40;0.77;0.05;
071020;16:48:27;2.95;18.75;12.30;4.64;6.24;5.09;2.98;0.00;0.00;0.00;0.04;0.04;0.04;3.83;8.12;1.14;24.17;18.74;12.22;5.77;0.91;0.97;0.23;0.45;16.08;4.28;3.77;9.49;2.73;0.00;0.01;0.50;0.60;0.00;29.06;14.21;52.77;46.63;3.84;4.94;1.81;4.14;0.00;0.02;0.02;0.06;0.15;0.01;
071020;16:48:29;2.95;18.79;12.32;4.65;6.26;5.09;2.99;0.00;0.00;0.00;0.04;0.04;0.05;3.99;8.19;1.21;24.58;18.91;12.56;5.86;0.92;0.99;0.23;0.46;17.11;4.39;4.29;9.86;2.80;0.00;0.01;0.51;0.60;0.00;24.15;6.74;22.01;43.24;2.48;5.43;1.96;4.47;0.00;0.02;0.02;0.05;0.13;0.00;
071020;16:48:32;2.95;18.75;12.31;4.65;6.25;5.09;2.98;0.00;0.00;0.00;0.04;0.04;0.05;4.06;8.22;1.25;24.77;18.99;12.71;5.82;0.92;0.98;0.23;0.46;17.59;4.44;4.55;10.03;2.83;0.00;0.01;0.50;0.60;0.00;23.33;5.87;18.70;42.63;2.28;6.38;2.25;5.09;0.01;0.05;0.06;0.14;0.32;0.02;
071020;16:48:34;2.97;18.96;12.41;4.69;6.31;5.13;3.01;0.00;0.00;0.00;0.04;0.04;0.05;4.26;8.30;1.34;25.29;19.21;13.15;5.94;0.93;1.01;0.23;0.46;18.22;4.51;4.90;10.25;2.87;0.00;0.01;0.51;0.61;0.00;28.33;12.83;46.80;46.15;3.61;5.68;2.03;4.63;0.01;0.02;0.02;0.07;0.16;0.01;
071020;16:48:36;2.95;18.79;12.32;4.65;6.26;5.09;2.99;0.00;0.00;0.00;0.04;0.04;0.04;3.85;8.13;1.15;24.23;18.76;12.27;5.74;0.91;0.96;0.23;0.45;16.52;4.33;3.99;9.65;2.76;0.00;0.01;0.50;0.60;0.00;35.53;31.91;136.28;50.62;6.17;5.24;1.90;4.34;0.00;0.02;0.02;0.05;0.13;0.00;
071020;16:48:39;2.97;18.97;12.42;4.69;6.31;5.13;3.01;0.00;0.00;0.00;0.04;0.04;0.05;4.42;8.37;1.41;25.68;19.37;13.47;5.97;0.93;1.02;0.23;0.46;19.08;4.59;5.40;10.55;2.92;0.00;0.01;0.51;0.61;0.00;33.07;23.89;97.05;49.15;5.21;5.55;1.99;4.55;0.00;0.02;0.02;0.06;0.14;0.01;
071020;16:48:41;3.00;19.17;12.52;4.74;6.37;5.17;3.03;0.00;0.00;0.00;0.04;0.04;0.05;4.93;8.57;1.67;26.91;19.87;14.52;6.06;0.94;1.04;0.24;0.47;21.13;4.79;6.71;11.23;3.04;0.00;0.01;0.51;0.61;0.00;33.91;26.44;109.28;49.66;5.53;5.01;1.83;4.19;0.00;0.01;0.01;0.02;0.07;0.00;
071020;16:48:43;3.03;19.52;12.70;4.82;6.47;5.24;3.07;0.00;0.00;0.00;0.05;0.05;0.05;5.63;8.81;2.03;28.47;20.49;15.89;6.31;0.96;1.11;0.25;0.48;24.19;5.07;8.93;12.21;3.21;0.00;0.01;0.52;0.62;0.00;31.82;20.47;80.94;48.39;4.75;6.88;2.39;5.41;0.01;0.02;0.02;0.06;0.16;0.01;
071020;16:48:46;3.04;19.55;12.71;4.82;6.48;5.24;3.07;0.00;0.00;0.00;0.05;0.05;0.05;5.73;8.84;2.08;28.68;20.57;16.08;6.31;0.96;1.11;0.25;0.48;24.87;5.13;9.47;12.42;3.24;0.00;0.01;0.52;0.62;0.00;30.27;16.75;63.96;47.41;4.23;6.48;2.28;5.15;0.02;0.07;0.10;0.20;0.41;0.02;
071020;16:48:48;3.02;19.38;12.63;4.79;6.43;5.21;3.05;0.00;0.00;0.00;0.05;0.05;0.05;5.65;8.81;2.04;28.50;20.50;15.92;6.22;0.95;1.08;0.24;0.47;24.30;5.08;9.01;12.25;3.21;0.00;0.01;0.52;0.62;0.00;35.36;31.27;133.09;50.51;6.10;5.08;1.85;4.23;0.00;0.01;0.01;0.04;0.11;0.00;
071020;16:48:50;2.99;19.08;12.48;4.72;6.34;5.15;3.02;0.00;0.00;0.00;0.04;0.05;0.05;4.99;8.59;1.70;27.05;19.93;14.64;6.00;0.93;1.02;0.24;0.46;22.17;4.89;7.43;11.57;3.10;0.00;0.01;0.51;0.61;0.00;28.23;12.65;46.01;46.08;3.58;6.55;2.29;5.19;0.00;0.02;0.02;0.06;0.16;0.01;
071020;16:48:53;3.01;19.29;12.58;4.76;6.40;5.19;3.04;0.00;0.00;0.00;0.05;0.05;0.05;5.54;8.78;1.98;28.28;20.42;15.72;6.15;0.95;1.07;0.24;0.47;24.09;5.06;8.85;12.18;3.20;0.00;0.01;0.52;0.62;0.00;31.24;19.00;74.19;48.03;4.55;7.05;2.45;5.52;0.00;0.02;0.02;0.06;0.15;0.01;
071020;16:48:55;2.98;19.07;12.47;4.72;6.34;5.15;3.02;0.00;0.00;0.00;0.04;0.04;0.05;4.79;8.51;1.60;26.59;19.74;14.24;5.88;0.92;0.99;0.23;0.46;21.33;4.81;6.84;11.30;3.05;0.00;0.01;0.51;0.61;0.00;33.07;23.89;97.03;49.15;5.21;6.12;2.17;4.92;0.01;0.05;0.06;0.14;0.32;0.02;
071020;16:48:57;2.98;19.07;12.47;4.72;6.34;5.15;3.02;0.00;0.00;0.00;0.04;0.04;0.05;5.02;8.59;1.71;27.10;19.95;14.68;5.95;0.93;1.01;0.23;0.46;22.08;4.88;7.36;11.54;3.09;0.00;0.01;0.51;0.61;0.00;23.27;5.81;18.49;42.59;2.27;5.85;2.09;4.75;0.01;0.04;0.05;0.12;0.28;0.01;
071020;16:49:00;2.97;18.94;12.40;4.69;6.30;5.12;3.00;0.00;0.00;0.00;0.04;0.04;0.05;4.70;8.48;1.55;26.37;19.65;14.05;5.84;0.92;0.98;0.23;0.46;20.52;4.73;6.30;11.03;3.01;0.00;0.01;0.51;0.61;0.00;24.21;6.82;22.29;43.29;2.49;6.31;2.22;5.04;0.23;0.69;1.72;1.58;2.56;0.28;
071020;16:49:02;2.98;19.00;12.43;4.70;6.32;5.13;3.01;0.00;0.00;0.00;0.04;0.04;0.05;4.60;8.44;1.50;26.12;19.55;13.84;5.84;0.92;0.98;0.23;0.46;20.52;4.73;6.31;11.03;3.01;0.00;0.01;0.51;0.61;0.00;39.14;47.08;215.06;52.65;7.76;5.49;1.98;4.51;0.00;0.01;0.01;0.04;0.10;0.00;
071020;16:49:04;2.96;18.84;12.35;4.66;6.27;5.10;2.99;0.00;0.00;0.00;0.04;0.04;0.05;4.49;8.40;1.45;25.87;19.45;13.63;5.77;0.91;0.96;0.23;0.45;19.64;4.65;5.75;10.74;2.95;0.00;0.01;0.51;0.61;0.00;35.67;32.40;138.75;50.70;6.23;6.58;2.31;5.22;0.02;0.07;0.10;0.20;0.42;0.02;
071020;16:49:06;2.94;18.72;12.29;4.64;6.24;5.08;2.98;0.00;0.00;0.00;0.04;0.04;0.04;4.19;8.28;1.31;25.12;19.14;13.00;5.65;0.90;0.93;0.22;0.45;18.62;4.55;5.13;10.39;2.89;0.00;0.01;0.51;0.60;0.00;25.43;8.31;28.12;44.16;2.80;4.72;1.74;3.99;0.01;0.02;0.02;0.06;0.16;0.01;
071020;16:49:09;2.92;18.53;12.19;4.60;6.18;5.04;2.96;0.00;0.00;0.00;0.04;0.04;0.04;3.73;8.08;1.10;23.91;18.63;12.01;5.48;0.89;0.89;0.22;0.44;16.59;4.33;4.02;9.68;2.76;0.00;0.01;0.50;0.60;0.00;35.36;31.29;133.19;50.52;6.10;7.96;2.71;6.08;0.01;0.02;0.03;0.08;0.19;0.01;
071020;16:49:11;2.91;18.41;12.13;4.57;6.14;5.02;2.94;0.00;0.00;0.00;0.04;0.04;0.04;3.58;8.01;1.04;23.49;18.45;11.68;5.43;0.88;0.88;0.21;0.44;15.74;4.24;3.60;9.37;2.71;0.00;0.01;0.50;0.60;0.00;39.55;49.11;225.98;52.88;7.96;6.61;2.31;5.23;0.01;0.04;0.05;0.12;0.27;0.01;
071020;16:49:13;2.90;18.34;12.09;4.55;6.12;5.01;2.94;0.00;0.00;0.00;0.04;0.04;0.04;3.49;7.96;1.00;23.23;18.34;11.46;5.42;0.88;0.88;0.21;0.44;15.22;4.18;3.35;9.17;2.67;0.00;0.00;0.50;0.60;0.00;21.60;4.31;13.02;41.32;1.90;5.22;1.89;4.33;0.03;0.09;0.15;0.26;0.54;0.03;
071020;16:49:16;2.91;18.41;12.13;4.57;6.14;5.02;2.94;0.00;0.00;0.00;0.04;0.04;0.04;3.43;7.94;0.97;23.08;18.27;11.35;5.40;0.88;0.87;0.21;0.44;15.01;4.16;3.25;9.09;2.66;0.00;0.00;0.50;0.60;0.00;27.81;11.90;42.86;45.80;3.46;4.38;1.63;3.76;0.01;0.04;0.04;0.11;0.25;0.01;
071020;16:49:18;2.91;18.43;12.14;4.57;6.15;5.02;2.94;0.00;0.00;0.00;0.04;0.04;0.04;3.42;7.93;0.97;23.05;18.26;11.33;5.35;0.87;0.86;0.21;0.43;15.31;4.19;3.39;9.21;2.68;0.00;0.00;0.50;0.60;0.00;33.57;25.38;104.20;49.46;5.40;5.07;1.85;4.23;0.01;0.03;0.03;0.09;0.21;0.01;
071020;16:49:20;2.90;18.35;12.10;4.55;6.13;5.01;2.94;0.00;0.00;0.00;0.04;0.04;0.04;3.42;7.93;0.97;23.05;18.26;11.32;5.34;0.87;0.86;0.21;0.43;14.91;4.15;3.21;9.06;2.65;0.00;0.00;0.50;0.60;0.00;27.05;10.65;37.63;45.29;3.24;6.81;2.37;5.36;0.00;0.02;0.02;0.06;0.14;0.01;
071020;16:49:23;2.90;18.29;12.07;4.54;6.11;5.00;2.93;0.00;0.00;0.00;0.04;0.04;0.04;3.42;7.93;0.97;23.05;18.26;11.32;5.34;0.87;0.85;0.21;0.43;14.83;4.14;3.17;9.03;2.65;0.00;0.00;0.50;0.60;0.00;34.00;26.73;110.70;49.72;5.56;5.24;1.90;4.35;0.01;0.05;0.07;0.15;0.33;0.02;
071020;16:49:25;2.89;18.28;12.06;4.54;6.10;4.99;2.93;0.00;0.00;0.00;0.04;0.04;0.04;3.42;7.93;0.97;23.05;18.26;11.32;5.34;0.87;0.85;0.21;0.43;14.93;4.15;3.22;9.07;2.65;0.00;0.00;0.50;0.60;0.00;30.00;16.14;61.27;47.24;4.14;6.41;2.25;5.11;0.01;0.05;0.07;0.15;0.33;0.02;
071020;16:49:27;2.89;18.24;12.04;4.53;6.09;4.99;2.92;0.00;0.00;0.00;0.04;0.04;0.04;3.45;7.94;0.98;23.14;18.30;11.39;5.34;0.87;0.85;0.21;0.43;14.83;4.14;3.17;9.03;2.65;0.00;0.00;0.50;0.60;0.00;27.95;12.15;43.89;45.90;3.50;7.20;2.49;5.61;0.00;0.02;0.02;0.06;0.14;0.01;
071020;16:49:30;2.91;18.39;12.12;4.56;6.14;5.02;2.94;0.00;0.00;0.00;0.04;0.04;0.04;3.43;7.93;0.97;23.06;18.27;11.34;5.34;0.87;0.85;0.21;0.43;15.16;4.18;3.32;9.15;2.67;0.00;0.00;0.50;0.60;0.00;38.65;44.76;202.69;52.38;7.53;5.68;2.03;4.63;0.01;0.02;0.02;0.07;0.17;0.01;
071020;16:49:32;2.90;18.30;12.07;4.54;6.11;5.00;2.93;0.00;0.00;0.00;0.04;0.04;0.04;3.42;7.93;0.97;23.05;18.26;11.33;5.32;0.87;0.85;0.21;0.43;15.22;4.18;3.35;9.18;2.67;0.00;0.00;0.50;0.60;0.00;30.66;17.63;67.96;47.66;4.36;5.45;1.96;4.48;0.01;0.03;0.04;0.10;0.23;0.01;
071020;16:49:34;2.89;18.28;12.06;4.54;6.11;5.00;2.93;0.00;0.00;0.00;0.04;0.04;0.04;3.45;7.94;0.98;23.14;18.30;11.39;5.33;0.87;0.85;0.21;0.43;15.24;4.18;3.36;9.18;2.67;0.00;0.00;0.50;0.60;0.00;26.78;10.23;35.86;45.10;3.16;6.01;2.13;4.85;0.01;0.02;0.03;0.08;0.18;0.01;
071020;16:49:37;2.90;18.32;12.08;4.55;6.12;5.00;2.93;0.00;0.00;0.00;0.04;0.04;0.04;3.53;7.98;1.01;23.34;18.38;11.55;5.34;0.87;0.85;0.21;0.43;15.24;4.18;3.36;9.18;2.67;0.00;0.00;0.50;0.60;0.00;34.71;29.05;122.04;50.14;5.84;6.04;2.14;4.87;0.00;0.01;0.01;0.04;0.10;0.00;
071020;16:49:39;2.90;18.28;12.06;4.54;6.11;5.00;2.93;0.00;0.00;0.00;0.04;0.04;0.04;3.44;7.94;0.98;23.10;18.28;11.37;5.30;0.87;0.85;0.21;0.43;15.24;4.18;3.36;9.18;2.67;0.00;0.00;0.50;0.60;0.00;29.69;15.48;58.34;47.04;4.04;5.84;2.08;4.74;0.01;0.03;0.03;0.08;0.19;0.01;
071020;16:49:41;2.90;18.36;12.10;4.56;6.13;5.01;2.94;0.00;0.00;0.00;0.04;0.04;0.04;3.46;7.95;0.98;23.15;18.30;11.40;5.33;0.87;0.85;0.21;0.43;15.12;4.17;3.31;9.14;2.67;0.00;0.00;0.50;0.60;0.00;28.77;13.64;50.30;46.44;3.75;6.18;2.19;4.96;0.03;0.11;0.17;0.29;0.59;0.04;
071020;16:49:43;2.91;18.38;12.11;4.56;6.13;5.01;2.94;0.00;0.00;0.00;0.04;0.04;0.04;3.43;7.93;0.97;23.07;18.27;11.34;5.29;0.87;0.84;0.21;0.43;15.33;4.20;3.40;9.22;2.68;0.00;0.00;0.50;0.60;0.00;31.34;19.26;75.39;48.09;4.59;5.73;2.05;4.67;0.01;0.03;0.04;0.10;0.22;0.01;
071020;16:49:46;2.89;18.25;12.05;4.53;6.10;4.99;2.92;0.00;0.00;0.00;0.04;0.04;0.04;3.46;7.95;0.98;23.14;18.30;11.40;5.33;0.87;0.85;0.21;0.43;15.49;4.21;3.48;9.27;2.69;0.00;0.01;0.50;0.60;0.00;31.81;20.44;80.81;48.38;4.75;5.88;2.09;4.76;0.01;0.03;0.04;0.10;0.24;0.01;
071020;16:49:48;2.89;18.27;12.06;4.54;6.10;4.99;2.93;0.00;0.00;0.00;0.04;0.04;0.04;3.43;7.93;0.97;23.06;18.27;11.34;5.26;0.87;0.83;0.21;0.43;15.17;4.18;3.33;9.16;2.67;0.00;0.01;0.50;0.60;0.00;37.11;37.99;167.19;51.52;6.84;4.87;1.78;4.09;0.00;0.02;0.02;0.06;0.14;0.01;
071020;16:49:50;2.89;18.28;12.06;4.54;6.10;4.99;2.93;0.00;0.00;0.00;0.04;0.04;0.04;3.52;7.98;1.01;23.32;18.38;11.54;5.29;0.87;0.84;0.21;0.43;15.46;4.21;3.46;9.26;2.69;0.00;0.01;0.50;0.60;0.00;41.61;60.22;287.05;53.98;8.97;5.71;2.04;4.65;0.00;0.02;0.02;0.06;0.16;0.01;
071020;16:49:53;2.90;18.36;12.10;4.56;6.13;5.01;2.94;0.00;0.00;0.00;0.04;0.04;0.04;3.51;7.97;1.00;23.28;18.36;11.51;5.26;0.87;0.84;0.21;0.43;15.75;4.24;3.60;9.37;2.71;0.00;0.01;0.50;0.60;0.00;37.23;38.50;169.83;51.59;6.89;6.06;2.15;4.88;0.02;0.06;0.08;0.18;0.38;0.02;
071020;16:49:55;2.89;18.25;12.05;4.53;6.10;4.99;2.92;0.00;0.00;0.00;0.04;0.04;0.04;3.44;7.94;0.98;23.09;18.28;11.36;5.21;0.86;0.82;0.21;0.43;15.22;4.18;3.35;9.18;2.67;0.00;0.00;0.50;0.60;0.00;26.01;9.09;31.25;44.57;2.95;6.79;2.37;5.35;0.05;0.15;0.27;0.41;0.79;0.06;
071020;16:49:57;2.89;18.23;12.04;4.53;6.09;4.99;2.92;0.00;0.00;0.00;0.04;0.04;0.04;3.52;7.98;1.01;23.33;18.38;11.55;5.23;0.86;0.83;0.21;0.43;15.82;4.25;3.64;9.40;2.71;0.00;0.01;0.50;0.60;0.00;32.82;23.19;93.70;49.00;5.12;6.47;2.27;5.15;0.00;0.01;0.01;0.05;0.12;0.00;
071020;16:50:00;2.90;18.35;12.10;4.56;6.13;5.01;2.94;0.00;0.00;0.00;0.04;0.04;0.04;3.54;7.99;1.02;23.38;18.40;11.58;5.24;0.86;0.83;0.21;0.43;15.71;4.24;3.58;9.35;2.71;0.00;0.01;0.50;0.60;0.00;29.65;15.41;58.02;47.02;4.02;5.80;2.07;4.71;0.03;0.12;0.20;0.32;0.65;0.04;
071020;16:50:02;2.90;18.29;12.07;4.54;6.11;5.00;2.93;0.00;0.00;0.00;0.04;0.04;0.04;3.51;7.97;1.01;23.29;18.36;11.52;5.24;0.86;0.83;0.21;0.43;15.57;4.22;3.51;9.30;2.70;0.00;0.01;0.50;0.60;0.00;22.64;5.21;16.25;42.12;2.13;5.71;2.04;4.66;0.02;0.07;0.10;0.21;0.44;0.02;
071020;16:50:04;2.89;18.24;12.04;4.53;6.09;4.99;2.92;0.00;0.00;0.00;0.04;0.04;0.04;3.44;7.94;0.98;23.09;18.28;11.36;5.21;0.86;0.82;0.21;0.43;15.66;4.23;3.56;9.34;2.70;0.00;0.01;0.50;0.60;0.00;26.58;9.92;34.60;44.96;3.11;4.79;1.76;4.04;0.22;0.67;1.68;1.55;2.51;0.27;
071020;16:50:07;2.89;18.23;12.03;4.53;6.09;4.98;2.92;0.00;0.00;0.00;0.04;0.04;0.04;3.49;7.96;1.00;23.24;18.34;11.47;5.23;0.86;0.83;0.21;0.43;15.79;4.25;3.62;9.39;2.71;0.00;0.01;0.50;0.60;0.00;25.68;8.64;29.43;44.34;2.86;5.67;2.03;4.63;0.06;0.19;0.35;0.49;0.93;0.07;
071020;16:50:09;2.90;18.35;12.10;4.56;6.13;5.01;2.94;0.00;0.00;0.00;0.04;0.04;0.04;3.47;7.95;0.99;23.17;18.31;11.42;5.24;0.86;0.83;0.21;0.43;15.94;4.26;3.69;9.44;2.72;0.00;0.01;0.50;0.60;0.00;27.58;11.51;41.21;45.65;3.39;5.42;1.95;4.46;0.02;0.07;0.11;0.21;0.45;0.02;
071020;16:50:11;2.90;18.33;12.09;4.55;6.12;5.01;2.93;0.00;0.00;0.00;0.04;0.04;0.04;3.59;8.01;1.04;23.53;18.47;11.71;5.25;0.87;0.83;0.21;0.43;16.21;4.29;3.83;9.54;2.74;0.00;0.01;0.50;0.60;0.00;28.84;13.78;50.88;46.49;3.77;7.09;2.46;5.54;0.01;0.04;0.05;0.13;0.29;0.01;
071020;16:50:14;2.90;18.29;12.07;4.54;6.11;5.00;2.93;0.00;0.00;0.00;0.04;0.04;0.04;3.62;8.02;1.05;23.60;18.50;11.76;5.24;0.87;0.83;0.21;0.43;16.39;4.31;3.92;9.60;2.75;0.00;0.01;0.50;0.60;0.00;30.74;17.82;68.82;47.72;4.38;6.85;2.38;5.39;0.01;0.02;0.02;0.07;0.17;0.01;
071020;16:50:16;2.89;18.24;12.04;4.53;6.09;4.99;2.92;0.00;0.00;0.00;0.04;0.04;0.04;3.63;8.03;1.06;23.62;18.50;11.78;5.22;0.86;0.83;0.21;0.43;16.30;4.30;3.88;9.57;2.75;0.00;0.01;0.50;0.60;0.00;28.82;13.74;50.73;46.47;3.76;5.11;1.86;4.25;0.01;0.02;0.02;0.07;0.17;0.01;
071020;16:50:18;2.90;18.31;12.08;4.55;6.11;5.00;2.93;0.00;0.00;0.00;0.04;0.04;0.04;3.66;8.04;1.07;23.71;18.54;11.85;5.27;0.87;0.84;0.21;0.43;16.90;4.37;4.18;9.79;2.79;0.00;0.01;0.50;0.60;0.00;32.56;22.45;90.21;48.84;5.02;5.87;2.09;4.76;0.01;0.03;0.04;0.09;0.22;0.01;
071020;16:50:20;2.91;18.41;12.13;4.57;6.14;5.02;2.94;0.00;0.00;0.00;0.04;0.04;0.04;3.74;8.08;1.10;23.92;18.63;12.02;5.31;0.87;0.85;0.21;0.43;17.16;4.40;4.32;9.88;2.80;0.00;0.01;0.50;0.60;0.00;25.08;7.86;26.35;43.92;2.71;7.40;2.55;5.73;0.00;0.02;0.02;0.05;0.14;0.00;
071020;16:50:23;2.89;18.22;12.03;4.53;6.09;4.98;2.92;0.00;0.00;0.00;0.04;0.04;0.04;3.48;7.96;0.99;23.22;18.33;11.46;5.14;0.86;0.81;0.20;0.43;15.84;4.25;3.65;9.40;2.71;0.00;0.01;0.50;0.60;0.00;35.90;33.26;143.07;50.83;6.33;7.33;2.53;5.69;0.02;0.07;0.10;0.20;0.43;0.02;
071020;16:50:25;2.87;18.10;11.97;4.50;6.05;4.96;2.91;0.00;0.00;0.00;0.04;0.04;0.04;3.28;7.86;0.91;22.63;18.08;11.00;5.06;0.85;0.79;0.20;0.42;15.36;4.20;3.42;9.23;2.68;0.00;0.00;0.50;0.59;0.00;28.53;13.20;48.37;46.28;3.67;5.14;1.87;4.27;0.04;0.12;0.20;0.34;0.67;0.04;
071020;16:50:27;2.88;18.12;11.98;4.50;6.06;4.96;2.91;0.00;0.00;0.00;0.04;0.04;0.04;3.27;7.85;0.90;22.60;18.06;10.97;5.09;0.85;0.80;0.20;0.42;15.03;4.16;3.26;9.10;2.66;0.00;0.00;0.50;0.59;0.00;29.94;16.03;60.76;47.20;4.12;4.61;1.70;3.92;0.01;0.03;0.03;0.08;0.20;0.01;
071020;16:50:30;2.89;18.20;12.02;4.52;6.08;4.98;2.92;0.00;0.00;0.00;0.04;0.04;0.04;3.27;7.85;0.90;22.60;18.06;10.97;5.13;0.85;0.80;0.20;0.43;15.20;4.18;3.34;9.17;2.67;0.00;0.00;0.50;0.60;0.00;34.22;27.44;114.15;49.85;5.65;6.07;2.15;4.89;0.00;0.01;0.01;0.03;0.08;0.00;
071020;16:50:32;2.89;18.22;12.03;4.53;6.09;4.98;2.92;0.00;0.00;0.00;0.04;0.04;0.04;3.39;7.91;0.96;22.95;18.22;11.25;5.14;0.86;0.81;0.20;0.43;15.70;4.24;3.58;9.35;2.71;0.00;0.00;0.50;0.60;0.00;32.40;22.02;88.19;48.75;4.96;5.30;1.92;4.38;0.01;0.02;0.02;0.07;0.16;0.01;
071020;16:50:34;2.89;18.26;12.05;4.54;6.10;4.99;2.93;0.00;0.00;0.00;0.04;0.04;0.04;3.58;8.00;1.03;23.49;18.45;11.67;5.22;0.86;0.83;0.21;0.43;16.65;4.34;4.05;9.70;2.77;0.00;0.01;0.50;0.60;0.00;31.58;19.85;78.06;48.24;4.67;4.43;1.65;3.80;0.01;0.03;0.03;0.09;0.20;0.01;
071020;16:50:37;2.91;18.44;12.14;4.58;6.15;5.03;2.95;0.00;0.00;0.00;0.04;0.04;0.04;3.72;8.07;1.10;23.87;18.61;11.98;5.28;0.87;0.84;0.21;0.43;17.36;4.42;4.43;9.95;2.81;0.00;0.01;0.51;0.60;0.00;42.53;65.78;318.38;54.47;9.45;6.62;2.32;5.24;0.01;0.02;0.02;0.07;0.16;0.01;
071020;16:50:39;2.92;18.47;12.16;4.58;6.16;5.03;2.95;0.00;0.00;0.00;0.04;0.04;0.04;3.82;8.11;1.14;24.14;18.73;12.20;5.33;0.87;0.85;0.21;0.43;18.04;4.49;4.80;10.19;2.86;0.00;0.01;0.51;0.60;0.00;29.67;15.46;58.22;47.03;4.03;5.65;2.03;4.62;0.02;0.07;0.10;0.20;0.43;0.02;
071020;16:50:41;2.92;18.48;12.17;4.58;6.16;5.03;2.95;0.00;0.00;0.00;0.04;0.04;0.04;4.02;8.20;1.23;24.67;18.95;12.63;5.40;0.88;0.87;0.21;0.44;18.58;4.54;5.11;10.38;2.89;0.00;0.01;0.51;0.61;0.00;33.45;25.03;102.49;49.39;5.35;6.76;2.36;5.33;0.00;0.02;0.02;0.05;0.14;0.00;
071020;16:50:44;2.93;18.61;12.23;4.61;6.20;5.06;2.97;0.00;0.00;0.00;0.04;0.04;0.04;4.22;8.29;1.32;25.18;19.16;13.05;5.43;0.88;0.88;0.21;0.44;19.97;4.68;5.95;10.85;2.97;0.00;0.01;0.51;0.61;0.00;25.65;8.60;29.26;44.32;2.85;6.53;2.29;5.19;0.02;0.08;0.12;0.23;0.47;0.03;
071020;16:50:46;2.96;18.89;12.37;4.68;6.29;5.11;3.00;0.00;0.00;0.00;0.04;0.04;0.05;4.71;8.48;1.56;26.39;19.66;14.07;5.60;0.90;0.92;0.22;0.45;22.43;4.91;7.61;11.66;3.11;0.00;0.01;0.52;0.61;0.00;31.64;20.01;78.80;48.28;4.69;6.49;2.28;5.16;0.01;0.03;0.03;0.08;0.19;0.01;
071020;16:50:48;2.97;18.99;12.43;4.70;6.31;5.13;3.01;0.00;0.00;0.00;0.04;0.04;0.05;5.04;8.61;1.72;27.17;19.97;14.74;5.72;0.91;0.95;0.23;0.45;24.32;5.08;9.03;12.25;3.21;0.00;0.01;0.52;0.62;0.00;36.21;34.44;149.03;51.01;6.46;7.21;2.49;5.61;0.01;0.03;0.04;0.10;0.24;0.01;
071020;16:50:51;2.98;19.01;12.44;4.70;6.32;5.14;3.01;0.00;0.00;0.00;0.04;0.04;0.05;5.11;8.63;1.76;27.32;20.04;14.88;5.74;0.91;0.96;0.23;0.45;24.37;5.08;9.07;12.27;3.22;0.00;0.01;0.52;0.62;0.00;35.28;31.01;131.80;50.47;6.07;7.41;2.55;5.74;0.01;0.02;0.03;0.08;0.19;0.01;
071020;16:50:53;2.95;18.80;12.33;4.66;6.26;5.10;2.99;0.00;0.00;0.00;0.04;0.04;0.05;4.90;8.55;1.65;26.83;19.84;14.45;5.58;0.90;0.92;0.22;0.44;23.68;5.02;8.54;12.05;3.18;0.00;0.01;0.52;0.61;0.00;30.55;17.37;66.78;47.59;4.32;5.54;1.99;4.54;0.00;0.01;0.01;0.04;0.10;0.00;
