071020;21:46:15;4.60;34.86;20.02;8.12;10.84;7.92;4.69;0.00;0.00;0.00;0.08;0.07;0.08;64.56;14.73;75.74;80.07;36.05;83.53;12.91;1.43;3.37;0.47;0.70;54.43;7.09;49.64;20.15;4.41;0.02;0.05;0.70;0.81;0.01;28.65;13.41;49.30;46.36;3.71;8.41;2.84;6.36;1.24;3.40;12.53;6.66;8.94;1.56;
071020;21:46:15;3.12;20.28;13.09;4.99;6.70;5.38;3.16;0.00;0.00;0.00;0.04;0.04;0.05;5.42;8.74;1.92;28.02;20.31;15.49;5.53;0.89;0.90;0.22;0.44;18.37;4.52;4.99;10.30;2.88;0.00;0.01;0.53;0.63;0.00;65.81;380.75;2497.32;65.08;26.54;6.22;2.20;4.99;0.11;0.36;0.77;0.88;1.53;0.14;
071020;21:46:17;2.90;18.36;12.10;4.56;6.13;5.01;2.94;0.00;0.00;0.00;0.04;0.04;0.04;3.44;7.94;0.98;23.11;18.28;11.37;4.72;0.82;0.71;0.19;0.41;14.99;4.16;3.25;9.09;2.66;0.00;0.01;0.50;0.60;0.00;59.12;247.34;1505.60;62.30;20.59;5.36;1.94;4.42;0.65;1.87;5.95;3.88;5.59;0.82;
071020;21:46:20;2.87;18.04;11.94;4.49;6.03;4.95;2.90;0.00;0.00;0.00;0.03;0.04;0.04;3.24;7.84;0.89;22.52;18.03;10.91;4.60;0.80;0.68;0.19;0.40;14.29;4.07;2.93;8.82;2.61;0.00;0.01;0.50;0.60;0.00;35.16;30.60;129.72;50.40;6.02;7.13;2.47;5.57;1.01;2.80;9.86;5.59;7.69;1.26;
071020;21:46:22;2.85;17.86;11.85;4.45;5.98;4.91;2.88;0.00;0.00;0.00;0.03;0.04;0.04;3.11;7.77;0.84;22.14;17.86;10.62;4.52;0.80;0.66;0.18;0.40;13.83;4.02;2.74;8.65;2.57;0.00;0.00;0.50;0.60;0.00;21.36;4.12;12.33;41.13;1.85;5.91;2.10;4.79;71.23;149.73;1387.87;202.55;174.38;93.46;
071020;21:46:24;2.84;17.79;11.81;4.43;5.96;4.90;2.87;0.00;0.00;0.00;0.03;0.04;0.04;3.06;7.74;0.82;21.97;17.79;10.49;4.48;0.79;0.65;0.18;0.39;13.74;4.01;2.70;8.61;2.57;0.00;0.00;0.50;0.59;0.00;35.64;32.28;138.15;50.68;6.22;5.62;2.02;4.59;1.68;4.50;17.78;8.58;11.15;2.11;
071020;21:46:27;2.84;17.78;11.80;4.43;5.96;4.90;2.87;0.00;0.00;0.00;0.03;0.04;0.04;3.02;7.72;0.80;21.85;17.74;10.40;4.50;0.79;0.66;0.18;0.40;13.40;3.97;2.56;8.48;2.54;0.00;0.00;0.50;0.59;0.00;38.87;45.78;208.12;52.50;7.63;8.64;2.90;6.49;8.04;19.48;109.92;32.17;35.20;10.30;
071020;21:46:29;2.85;17.85;11.84;4.44;5.98;4.91;2.88;0.00;0.00;0.00;0.03;0.04;0.04;2.96;7.69;0.78;21.66;17.65;10.25;4.49;0.79;0.65;0.18;0.40;13.54;3.98;2.62;8.54;2.55;0.00;0.00;0.50;0.59;0.00;51.08;137.36;755.23;58.69;14.57;7.37;2.54;5.72;1.13;3.10;11.18;6.13;8.32;1.41;
071020;21:46:31;2.85;17.86;11.85;4.45;5.98;4.91;2.88;0.00;0.00;0.00;0.03;0.04;0.04;3.03;7.73;0.81;21.88;17.75;10.42;4.45;0.79;0.64;0.18;0.39;13.57;3.99;2.63;8.55;2.55;0.00;0.00;0.50;0.59;0.00;34.88;29.62;124.88;50.24;5.91;5.67;2.03;4.63;2.42;6.34;27.20;11.68;14.58;3.06;
071020;21:46:33;2.84;17.79;11.81;4.43;5.96;4.90;2.87;0.00;0.00;0.00;0.03;0.04;0.04;3.01;7.72;0.80;21.84;17.73;10.38;4.44;0.79;0.64;0.18;0.39;13.37;3.96;2.55;8.47;2.54;0.00;0.00;0.50;0.59;0.00;38.57;44.39;200.69;52.34;7.50;6.05;2.14;4.87;1.71;4.59;18.23;8.74;11.33;2.16;
071020;21:46:36;2.84;17.78;11.80;4.43;5.96;4.90;2.87;0.00;0.00;0.00;0.03;0.04;0.04;2.95;7.69;0.78;21.65;17.65;10.25;4.45;0.79;0.64;0.18;0.39;13.43;3.97;2.57;8.49;2.54;0.00;0.00;0.50;0.59;0.00;32.01;20.95;83.21;48.50;4.82;6.90;2.40;5.42;1.58;4.25;16.55;8.14;10.66;1.98;
071020;21:46:38;2.85;17.89;11.86;4.45;5.99;4.92;2.88;0.00;0.00;0.00;0.03;0.04;0.04;3.00;7.71;0.80;21.79;17.71;10.35;4.44;0.79;0.64;0.18;0.39;13.76;4.01;2.71;8.62;2.57;0.00;0.00;0.50;0.59;0.00;47.09;99.06;514.69;56.78;12.02;8.16;2.77;6.20;0.56;1.61;4.96;3.40;4.98;0.70;
071020;21:46:40;2.84;17.83;11.83;4.44;5.97;4.91;2.88;0.00;0.00;0.00;0.03;0.04;0.04;2.95;7.69;0.78;21.64;17.64;10.24;4.45;0.79;0.64;0.18;0.39;13.72;4.01;2.69;8.61;2.57;0.00;0.00;0.50;0.59;0.00;44.53;79.09;395.19;55.50;10.53;7.52;2.58;5.81;1.48;4.01;15.38;7.72;10.18;1.86;
071020;21:46:43;2.86;17.94;11.88;4.46;6.00;4.93;2.89;0.00;0.00;0.00;0.03;0.04;0.04;3.06;7.74;0.82;21.96;17.78;10.48;4.44;0.79;0.64;0.18;0.39;13.93;4.03;2.78;8.69;2.58;0.00;0.00;0.50;0.59;0.00;66.71;401.97;2661.39;65.44;27.40;4.99;1.82;4.17;0.33;0.99;2.71;2.19;3.40;0.41;
071020;21:46:45;2.84;17.81;11.81;4.43;5.96;4.90;2.87;0.00;0.00;0.00;0.03;0.04;0.04;2.96;7.69;0.78;21.68;17.66;10.26;4.44;0.79;0.64;0.18;0.39;13.76;4.01;2.71;8.62;2.57;0.00;0.00;0.50;0.59;0.00;24.33;6.95;22.80;43.37;2.52;6.17;2.18;4.95;5.75;14.24;74.43;24.25;27.52;7.34;
071020;21:46:47;2.85;17.89;11.86;4.45;5.99;4.92;2.88;0.00;0.00;0.00;0.03;0.04;0.04;3.06;7.74;0.82;21.97;17.79;10.49;4.42;0.79;0.64;0.18;0.39;13.94;4.03;2.78;8.69;2.58;0.00;0.00;0.50;0.59;0.00;29.59;15.28;57.44;46.98;4.00;7.10;2.46;5.55;1.34;3.66;13.74;7.12;9.48;1.69;
071020;21:46:50;2.85;17.87;11.85;4.45;5.98;4.92;2.88;0.00;0.00;0.00;0.03;0.04;0.04;3.08;7.75;0.83;22.03;17.81;10.53;4.42;0.79;0.64;0.18;0.39;14.31;4.08;2.94;8.83;2.61;0.00;0.00;0.50;0.59;0.00;22.88;5.43;17.06;42.30;2.18;4.75;1.75;4.01;3.57;9.13;42.82;16.23;19.42;4.54;
071020;21:46:52;2.84;17.83;11.83;4.44;5.97;4.91;2.88;0.00;0.00;0.00;0.03;0.04;0.04;3.08;7.76;0.83;22.04;17.82;10.54;4.47;0.79;0.65;0.18;0.39;14.05;4.05;2.83;8.73;2.59;0.00;0.00;0.50;0.60;0.00;34.70;29.01;121.89;50.13;5.84;7.49;2.57;5.79;1.58;4.26;16.60;8.16;10.68;1.99;
071020;21:46:54;2.84;17.82;11.82;4.44;5.97;4.91;2.87;0.00;0.00;0.00;0.03;0.04;0.04;3.08;7.76;0.83;22.04;17.82;10.54;4.44;0.79;0.64;0.18;0.39;14.44;4.09;3.00;8.88;2.62;0.00;0.00;0.50;0.59;0.00;52.71;155.88;876.01;59.45;15.70;4.72;1.74;3.99;0.54;1.56;4.77;3.30;4.86;0.67;
071020;21:46:57;2.84;17.82;11.82;4.44;5.97;4.91;2.87;0.00;0.00;0.00;0.03;0.04;0.04;3.08;7.76;0.83;22.04;17.82;10.54;4.42;0.79;0.64;0.18;0.39;14.52;4.10;3.03;8.91;2.62;0.00;0.00;0.50;0.59;0.00;54.52;178.60;1027.61;60.27;17.00;7.98;2.72;6.10;0.21;0.66;1.63;1.51;2.47;0.26;
071020;21:46:59;2.84;17.78;11.80;4.43;5.96;4.90;2.87;0.00;0.00;0.00;0.03;0.04;0.04;3.08;7.76;0.83;22.04;17.82;10.54;4.41;0.79;0.63;0.18;0.39;14.31;4.08;2.94;8.83;2.61;0.00;0.00;0.50;0.59;0.00;20.30;3.36;9.70;40.28;1.64;5.38;1.94;4.44;2.33;6.13;26.08;11.33;14.20;2.95;
071020;21:47:01;2.85;17.93;11.88;4.46;6.00;4.93;2.89;0.00;0.00;0.00;0.03;0.04;0.04;3.17;7.80;0.86;22.31;17.94;10.75;4.43;0.79;0.64;0.18;0.39;14.61;4.11;3.07;8.95;2.63;0.00;0.01;0.50;0.60;0.00;26.69;10.09;35.32;45.04;3.14;4.84;1.77;4.07;0.17;0.54;1.26;1.26;2.10;0.21;
071020;21:47:04;2.84;17.84;11.83;4.44;5.97;4.91;2.88;0.00;0.00;0.00;0.03;0.04;0.04;3.10;7.76;0.84;22.10;17.84;10.58;4.41;0.79;0.63;0.18;0.39;14.56;4.11;3.05;8.92;2.63;0.00;0.00;0.50;0.60;0.00;21.80;4.47;13.60;41.48;1.94;4.62;1.71;3.92;2.49;6.51;28.10;11.96;14.88;3.14;
071020;21:47:06;2.84;17.79;11.80;4.43;5.96;4.90;2.87;0.00;0.00;0.00;0.03;0.04;0.04;3.03;7.73;0.81;21.88;17.75;10.42;4.39;0.78;0.63;0.18;0.39;14.43;4.09;2.99;8.88;2.62;0.00;0.00;0.50;0.59;0.00;39.49;48.79;224.23;52.84;7.93;5.02;1.83;4.19;0.68;1.94;6.26;4.02;5.77;0.85;
071020;21:47:08;2.85;17.89;11.86;4.45;5.99;4.92;2.88;0.00;0.00;0.00;0.03;0.04;0.04;3.07;7.75;0.82;22.01;17.81;10.52;4.41;0.79;0.64;0.18;0.39;14.41;4.09;2.98;8.87;2.62;0.00;0.00;0.50;0.60;0.00;42.71;66.88;324.62;54.56;9.54;5.51;1.98;4.52;0.60;1.71;5.35;3.59;5.23;0.74;
071020;21:47:10;2.83;17.76;11.79;4.42;5.95;4.89;2.87;0.00;0.00;0.00;0.03;0.04;0.04;3.08;7.75;0.83;22.04;17.82;10.54;4.40;0.79;0.63;0.18;0.39;14.40;4.09;2.98;8.87;2.61;0.00;0.00;0.50;0.60;0.00;38.74;45.15;204.74;52.43;7.57;5.17;1.88;4.30;2.07;5.49;22.75;10.26;13.03;2.62;
071020;21:47:13;2.85;17.88;11.86;4.45;5.99;4.92;2.88;0.00;0.00;0.00;0.03;0.04;0.04;3.17;7.80;0.86;22.31;17.94;10.75;4.43;0.79;0.64;0.18;0.39;14.97;4.15;3.24;9.08;2.66;0.00;0.01;0.50;0.60;0.00;17.05;1.66;4.26;37.52;1.09;5.31;1.92;4.39;19.93;45.54;315.88;69.21;68.53;25.79;
071020;21:47:15;2.87;18.03;11.93;4.48;6.03;4.95;2.90;0.00;0.00;0.00;0.04;0.04;0.04;3.25;7.84;0.90;22.54;18.04;10.93;4.49;0.79;0.65;0.18;0.40;15.68;4.23;3.57;9.35;2.70;0.00;0.01;0.50;0.60;0.00;22.22;4.82;14.85;41.79;2.03;6.89;2.40;5.41;9.98;23.86;141.40;38.63;41.27;12.82;
071020;21:47:17;2.88;18.13;11.99;4.51;6.06;4.97;2.91;0.00;0.00;0.00;0.04;0.04;0.04;3.06;7.74;0.82;21.97;17.79;10.48;4.66;0.81;0.69;0.19;0.40;14.53;4.10;3.04;8.92;2.62;0.00;0.00;0.50;0.60;0.00;22.15;4.77;14.65;41.74;2.02;5.65;2.02;4.61;0.45;1.33;3.89;2.85;4.27;0.56;
071020;21:47:20;2.91;18.39;12.12;4.56;6.14;5.02;2.94;0.00;0.00;0.00;0.04;0.04;0.04;3.08;7.75;0.83;22.03;17.81;10.53;5.05;0.85;0.79;0.20;0.42;14.43;4.09;2.99;8.88;2.62;0.00;0.00;0.50;0.60;0.00;24.73;7.42;24.63;43.66;2.62;5.03;1.83;4.20;0.21;0.65;1.61;1.50;2.45;0.26;
071020;21:47:22;2.94;18.65;12.25;4.62;6.21;5.07;2.97;0.00;0.00;0.00;0.04;0.04;0.04;3.08;7.76;0.83;22.04;17.82;10.54;5.43;0.88;0.88;0.21;0.44;14.52;4.10;3.03;8.91;2.62;0.00;0.00;0.50;0.59;0.00;68.27;441.25;2969.02;66.06;28.94;6.38;2.24;5.09;0.19;0.60;1.45;1.39;2.29;0.24;
071020;21:47:24;2.96;18.90;12.38;4.68;6.29;5.12;3.00;0.00;0.00;0.00;0.04;0.04;0.04;3.11;7.77;0.84;22.13;17.86;10.61;5.88;0.92;0.99;0.23;0.46;14.77;4.13;3.14;9.00;2.64;0.00;0.00;0.50;0.60;0.00;85.91;1112.33;8783.24;72.55;49.86;7.05;2.45;5.52;0.42;1.23;3.56;2.67;4.04;0.52;
071020;21:47:27;2.99;19.16;12.51;4.74;6.37;5.17;3.03;0.00;0.00;0.00;0.04;0.04;0.05;3.15;7.79;0.85;22.24;17.91;10.69;6.29;0.96;1.10;0.25;0.47;14.93;4.15;3.22;9.07;2.65;0.00;0.00;0.50;0.59;0.00;34.69;28.98;121.70;50.12;5.83;6.15;2.18;4.94;0.38;1.13;3.18;2.46;3.77;0.47;
071020;21:47:29;3.01;19.34;12.61;4.78;6.42;5.20;3.05;0.00;0.00;0.00;0.04;0.04;0.05;3.24;7.84;0.89;22.53;18.03;10.92;6.65;0.99;1.20;0.26;0.49;14.96;4.15;3.23;9.08;2.65;0.00;0.00;0.50;0.59;0.00;22.44;5.02;15.58;41.97;2.08;5.06;1.84;4.22;1.75;4.68;18.65;8.88;11.49;2.20;
071020;21:47:31;3.04;19.54;12.71;4.82;6.48;5.24;3.07;0.00;0.00;0.00;0.04;0.04;0.05;3.26;7.85;0.90;22.58;18.06;10.96;7.04;1.02;1.32;0.27;0.50;15.09;4.17;3.29;9.12;2.66;0.00;0.00;0.50;0.59;0.00;23.76;6.33;20.41;42.96;2.38;4.52;1.67;3.85;1.21;3.33;12.21;6.53;8.80;1.52;
071020;21:47:34;3.06;19.71;12.80;4.86;6.53;5.27;3.09;0.00;0.00;0.00;0.04;0.05;0.05;3.36;7.90;0.94;22.87;18.18;11.18;7.37;1.05;1.41;0.28;0.52;15.59;4.22;3.52;9.31;2.70;0.00;0.00;0.50;0.60;0.00;29.71;15.54;58.59;47.06;4.04;5.49;1.97;4.51;0.80;2.26;7.56;4.61;6.50;1.00;
071020;21:47:36;3.07;19.88;12.88;4.90;6.58;5.30;3.11;0.00;0.00;0.00;0.05;0.05;0.05;3.44;7.94;0.98;23.11;18.28;11.37;7.71;1.07;1.51;0.29;0.53;15.69;4.24;3.57;9.35;2.70;0.00;0.01;0.50;0.60;0.00;24.01;6.59;21.43;43.14;2.44;5.08;1.85;4.24;0.76;2.15;7.09;4.40;6.24;0.95;
071020;21:47:38;3.09;20.00;12.94;4.92;6.61;5.33;3.13;0.00;0.00;0.00;0.05;0.05;0.05;3.53;7.98;1.01;23.34;18.38;11.55;8.04;1.10;1.62;0.31;0.54;15.71;4.24;3.58;9.36;2.71;0.00;0.00;0.50;0.60;0.00;25.87;8.90;30.47;44.47;2.91;4.54;1.68;3.87;0.90;2.50;8.57;5.05;7.04;1.12;
071020;21:47:41;3.11;20.20;13.04;4.97;6.67;5.36;3.15;0.00;0.00;0.00;0.05;0.05;0.05;3.71;8.07;1.09;23.85;18.60;11.97;8.31;1.12;1.70;0.32;0.55;16.45;4.32;3.95;9.63;2.76;0.00;0.01;0.50;0.60;0.00;27.48;11.34;40.49;45.58;3.36;5.83;2.08;4.73;0.37;1.10;3.07;2.40;3.68;0.46;
071020;21:47:43;3.12;20.28;13.09;4.99;6.70;5.38;3.16;0.00;0.00;0.00;0.05;0.05;0.05;3.82;8.12;1.14;24.15;18.73;12.21;8.52;1.13;1.77;0.32;0.56;16.74;4.35;4.10;9.73;2.77;0.00;0.01;0.50;0.60;0.00;18.74;2.43;6.65;38.99;1.36;3.51;1.35;3.14;0.66;1.88;5.99;3.90;5.61;0.82;
071020;21:47:45;3.13;20.35;13.12;5.00;6.72;5.39;3.17;0.00;0.00;0.00;0.05;0.05;0.05;3.92;8.16;1.18;24.40;18.84;12.41;8.74;1.15;1.84;0.33;0.57;16.79;4.36;4.13;9.75;2.78;0.00;0.01;0.50;0.60;0.00;25.03;7.80;26.10;43.88;2.70;4.09;1.54;3.56;0.21;0.65;1.60;1.49;2.44;0.26;
071020;21:47:48;3.13;20.36;13.13;5.00;6.72;5.39;3.17;0.00;0.00;0.00;0.05;0.05;0.06;3.90;8.15;1.18;24.36;18.82;12.37;8.95;1.17;1.91;0.34;0.57;16.42;4.32;3.94;9.62;2.75;0.00;0.01;0.50;0.60;0.00;22.42;5.01;15.51;41.95;2.08;4.26;1.59;3.68;0.42;1.25;3.60;2.69;4.07;0.53;
071020;21:47:50;3.15;20.54;13.22;5.04;6.77;5.43;3.19;0.00;0.00;0.00;0.05;0.05;0.06;4.01;8.20;1.22;24.64;18.94;12.60;9.18;1.18;1.98;0.35;0.58;16.99;4.38;4.23;9.82;2.79;0.00;0.01;0.50;0.60;0.00;22.76;5.31;16.64;42.21;2.15;4.20;1.57;3.64;0.31;0.92;2.46;2.04;3.20;0.38;
071020;21:47:52;3.16;20.62;13.26;5.06;6.80;5.44;3.20;0.00;0.00;0.00;0.05;0.05;0.06;4.10;8.24;1.27;24.89;19.04;12.81;9.42;1.20;2.07;0.35;0.59;16.97;4.38;4.22;9.81;2.79;0.00;0.01;0.50;0.60;0.00;25.19;7.99;26.85;43.99;2.73;5.12;1.86;4.27;0.16;0.50;1.15;1.17;1.98;0.19;
071020;21:47:54;3.18;20.87;13.38;5.11;6.87;5.49;3.22;0.00;0.00;0.00;0.06;0.05;0.06;4.32;8.33;1.37;25.44;19.27;13.27;9.76;1.22;2.18;0.36;0.60;17.77;4.46;4.65;10.09;2.84;0.00;0.01;0.50;0.60;0.00;21.77;4.45;13.50;41.45;1.94;5.99;2.13;4.84;0.45;1.31;3.83;2.82;4.23;0.56;
071020;21:47:57;3.18;20.87;13.38;5.12;6.87;5.49;3.22;0.00;0.00;0.00;0.06;0.05;0.06;4.24;8.30;1.33;25.25;19.19;13.11;9.83;1.23;2.21;0.37;0.60;17.39;4.42;4.44;9.96;2.82;0.00;0.01;0.50;0.60;0.00;24.58;7.24;23.92;43.55;2.58;5.48;1.97;4.50;0.13;0.41;0.90;0.99;1.70;0.16;
071020;21:47:59;3.21;21.10;13.50;5.17;6.94;5.53;3.25;0.00;0.00;0.00;0.06;0.05;0.06;4.64;8.46;1.52;26.23;19.59;13.93;10.29;1.26;2.37;0.38;0.62;18.96;4.58;5.34;10.51;2.91;0.00;0.01;0.51;0.60;0.00;22.79;5.34;16.75;42.23;2.16;4.35;1.62;3.74;0.23;0.71;1.79;1.62;2.62;0.29;
071020;21:48:01;3.19;20.92;13.41;5.13;6.88;5.50;3.23;0.00;0.00;0.00;0.06;0.05;0.06;4.35;8.34;1.38;25.50;19.30;13.32;10.08;1.25;2.30;0.38;0.61;17.22;4.40;4.35;9.90;2.81;0.00;0.01;0.50;0.60;0.00;15.61;1.17;2.81;36.20;0.88;4.11;1.54;3.57;0.74;2.09;6.86;4.30;6.11;0.92;
071020;21:48:04;3.22;21.20;13.55;5.19;6.97;5.55;3.26;0.00;0.00;0.00;0.06;0.06;0.06;4.75;8.50;1.58;26.49;19.70;14.16;10.66;1.29;2.50;0.39;0.63;18.50;4.53;5.07;10.35;2.89;0.00;0.01;0.51;0.60;0.00;29.20;14.49;53.99;46.72;3.88;5.06;1.84;4.22;0.19;0.57;1.37;1.34;2.21;0.23;
071020;21:48:06;3.24;21.40;13.65;5.23;7.02;5.59;3.28;0.00;0.00;0.00;0.06;0.06;0.06;4.97;8.58;1.69;27.01;19.91;14.60;10.94;1.30;2.61;0.40;0.64;19.20;4.61;5.48;10.59;2.93;0.00;0.01;0.51;0.61;0.00;20.39;3.42;9.91;40.36;1.66;4.93;1.80;4.13;0.50;1.45;4.33;3.08;4.58;0.62;
071020;21:48:08;3.24;21.40;13.65;5.23;7.02;5.59;3.28;0.00;0.00;0.00;0.06;0.06;0.06;4.97;8.58;1.69;27.00;19.91;14.60;11.03;1.31;2.64;0.41;0.64;18.91;4.58;5.30;10.49;2.91;0.00;0.01;0.51;0.60;0.00;15.61;1.17;2.81;36.19;0.88;5.30;1.92;4.38;0.41;1.21;3.46;2.62;3.97;0.51;
071020;21:48:11;3.22;21.21;13.55;5.19;6.97;5.55;3.26;0.00;0.00;0.00;0.06;0.06;0.06;4.66;8.46;1.53;26.27;19.61;13.97;10.86;1.30;2.57;0.40;0.64;17.47;4.43;4.49;9.99;2.82;0.00;0.01;0.50;0.60;0.00;16.40;1.42;3.54;36.93;0.99;4.39;1.63;3.77;0.54;1.55;4.73;3.28;4.83;0.67;
071020;21:48:13;3.24;21.40;13.65;5.23;7.03;5.59;3.28;0.00;0.00;0.00;0.06;0.06;0.06;4.86;8.54;1.63;26.75;19.81;14.38;11.28;1.33;2.73;0.42;0.65;18.42;4.53;5.02;10.32;2.88;0.00;0.01;0.51;0.60;0.00;16.84;1.58;4.02;37.33;1.05;4.36;1.62;3.74;0.58;1.66;5.15;3.49;5.10;0.72;
071020;21:48:15;3.27;21.68;13.79;5.29;7.11;5.64;3.32;0.00;0.00;0.00;0.07;0.06;0.07;5.53;8.77;1.98;28.25;20.41;15.70;11.89;1.37;2.97;0.44;0.67;20.83;4.76;6.50;11.13;3.02;0.00;0.01;0.51;0.61;0.00;14.77;0.93;2.16;35.38;0.77;3.72;1.42;3.30;0.57;1.64;5.07;3.45;5.05;0.71;
071020;21:48:18;3.28;21.74;13.82;5.31;7.12;5.65;3.32;0.00;0.00;0.00;0.07;0.06;0.07;5.78;8.86;2.11;28.79;20.62;16.18;12.09;1.38;3.04;0.44;0.68;21.67;4.84;7.07;11.41;3.07;0.00;0.01;0.51;0.61;0.00;22.32;4.91;15.18;41.87;2.05;5.51;1.98;4.52;0.16;0.49;1.12;1.16;1.95;0.19;
071020;21:48:20;3.30;21.94;13.92;5.35;7.18;5.69;3.34;0.00;0.00;0.00;0.07;0.06;0.07;6.11;8.96;2.29;29.47;20.88;16.80;12.31;1.39;3.13;0.45;0.68;22.33;4.90;7.54;11.62;3.11;0.00;0.01;0.51;0.61;0.00;15.68;1.19;2.87;36.26;0.89;4.30;1.60;3.70;0.42;1.23;3.55;2.66;4.03;0.52;
071020;21:48:22;3.30;21.98;13.94;5.36;7.19;5.70;3.35;0.00;0.00;0.00;0.07;0.06;0.07;6.24;9.00;2.36;29.72;20.98;17.03;12.50;1.40;3.21;0.46;0.69;22.30;4.90;7.52;11.61;3.11;0.00;0.01;0.51;0.61;0.00;30.73;17.79;68.68;47.71;4.38;6.41;2.25;5.11;0.90;2.52;8.63;5.08;7.07;1.13;
071020;21:48:25;3.33;22.19;14.04;5.41;7.25;5.74;3.37;0.00;0.00;0.00;0.07;0.06;0.07;6.62;9.11;2.58;30.48;21.27;17.74;12.92;1.43;3.37;0.47;0.70;24.00;5.05;8.78;12.15;3.20;0.00;0.01;0.52;0.61;0.00;27.09;10.71;37.86;45.31;3.25;4.48;1.66;3.83;6.19;15.26;81.09;25.80;29.05;7.90;
071020;21:48:27;3.36;22.48;14.19;5.47;7.34;5.79;3.40;0.00;0.00;0.00;0.08;0.07;0.08;7.48;9.35;3.09;32.11;21.88;19.28;13.43;1.46;3.58;0.49;0.72;26.96;5.30;11.23;13.06;3.35;0.00;0.01;0.52;0.62;0.00;34.96;29.88;126.14;50.28;5.94;5.50;1.98;4.51;4.32;10.91;53.47;19.07;22.34;5.50;
071020;21:48:29;3.33;22.19;14.04;5.41;7.25;5.74;3.37;0.00;0.00;0.00;0.07;0.06;0.07;6.86;9.18;2.72;30.96;21.45;18.18;13.18;1.45;3.48;0.48;0.71;24.56;5.10;9.22;12.33;3.23;0.00;0.01;0.52;0.62;0.00;40.74;55.31;259.79;53.52;8.53;5.56;2.00;4.55;7.70;18.71;104.49;31.01;34.09;9.85;
071020;21:48:31;3.32;22.13;14.01;5.39;7.24;5.72;3.37;0.00;0.00;0.00;0.07;0.06;0.07;6.62;9.11;2.58;30.49;21.27;17.75;13.17;1.45;3.48;0.48;0.71;23.41;5.00;8.33;11.97;3.17;0.00;0.01;0.52;0.61;0.00;80.46;854.45;6445.91;70.64;42.69;6.48;2.27;5.15;0.23;0.72;1.81;1.63;2.63;0.29;
071020;21:48:34;3.31;22.07;13.98;5.38;7.22;5.71;3.36;0.00;0.00;0.00;0.07;0.06;0.07;6.28;9.01;2.38;29.81;21.01;17.11;13.05;1.44;3.43;0.47;0.70;21.85;4.86;7.20;11.47;3.08;0.00;0.01;0.51;0.61;0.00;36.56;35.78;155.85;51.21;6.60;8.08;2.74;6.15;1.32;3.59;13.43;7.00;9.34;1.65;
071020;21:48:36;3.37;22.55;14.22;5.49;7.36;5.80;3.41;0.00;0.00;0.00;0.08;0.07;0.08;7.54;9.37;3.13;32.21;21.92;19.38;13.90;1.49;3.78;0.50;0.73;25.88;5.21;10.30;12.73;3.29;0.00;0.01;0.52;0.62;0.00;27.46;11.31;40.35;45.56;3.35;5.70;2.04;4.65;15.13;35.20;229.30;54.85;55.98;19.52;
071020;21:48:38;3.37;22.60;14.25;5.50;7.37;5.81;3.42;0.00;0.00;0.00;0.08;0.07;0.08;7.61;9.38;3.17;32.34;21.97;19.50;14.04;1.50;3.84;0.51;0.73;25.46;5.18;9.95;12.60;3.27;0.00;0.01;0.52;0.62;0.00;73.60;597.11;4233.68;68.12;34.58;7.96;2.71;6.08;0.71;2.02;6.56;4.16;5.94;0.89;
071020;21:48:41;3.30;21.97;13.93;5.36;7.19;5.69;3.35;0.00;0.00;0.00;0.07;0.06;0.07;5.88;8.89;2.16;29.00;20.70;16.37;13.22;1.45;3.50;0.48;0.71;19.68;4.65;5.77;10.75;2.96;0.00;0.01;0.51;0.61;0.00;45.66;87.47;444.79;56.07;11.17;6.33;2.23;5.05;0.48;1.40;4.16;2.99;4.46;0.60;
071020;21:48:43;3.29;21.84;13.87;5.33;7.15;5.67;3.33;0.00;0.00;0.00;0.07;0.06;0.07;5.54;8.78;1.98;28.27;20.41;15.71;13.06;1.44;3.43;0.47;0.71;17.88;4.47;4.71;10.13;2.85;0.00;0.01;0.51;0.60;0.00;39.16;47.17;215.53;52.66;7.77;4.69;1.73;3.97;0.40;1.19;3.39;2.58;3.92;0.50;
071020;21:48:45;3.29;21.87;13.88;5.34;7.16;5.68;3.34;0.00;0.00;0.00;0.07;0.06;0.07;5.37;8.72;1.89;27.90;20.27;15.39;13.15;1.44;3.47;0.48;0.71;17.28;4.41;4.38;9.92;2.81;0.00;0.01;0.50;0.60;0.00;21.99;4.63;14.17;41.62;1.98;6.93;2.41;5.44;3.21;8.25;37.77;14.82;17.94;4.07;
071020;21:48:48;3.29;21.82;13.86;5.33;7.15;5.67;3.33;0.00;0.00;0.00;0.07;0.06;0.07;5.34;8.71;1.87;27.83;20.24;15.32;13.24;1.45;3.51;0.48;0.71;16.77;4.35;4.12;9.74;2.78;0.00;0.01;0.50;0.60;0.00;34.91;29.71;125.32;50.25;5.92;6.89;2.40;5.41;2.05;5.43;22.45;10.16;12.92;2.59;
071020;21:48:50;3.28;21.77;13.83;5.31;7.13;5.66;3.32;0.00;0.00;0.00;0.07;0.06;0.07;5.28;8.69;1.85;27.71;20.19;15.22;13.38;1.46;3.56;0.48;0.71;16.67;4.34;4.06;9.71;2.77;0.00;0.01;0.50;0.60;0.00;53.03;159.75;901.53;59.60;15.92;4.75;1.75;4.01;0.58;1.66;5.15;3.49;5.10;0.72;
071020;21:48:52;3.31;22.05;13.97;5.37;7.21;5.71;3.36;0.00;0.00;0.00;0.07;0.06;0.07;5.47;8.75;1.94;28.12;20.35;15.58;13.49;1.47;3.61;0.49;0.72;16.65;4.34;4.05;9.70;2.77;0.00;0.01;0.50;0.60;0.00;17.43;1.82;4.73;37.86;1.15;3.93;1.49;3.44;49.61;106.78;911.56;149.31;133.75;64.84;
071020;21:48:55;3.31;22.05;13.98;5.38;7.21;5.71;3.36;0.00;0.00;0.00;0.07;0.06;0.07;5.51;8.77;1.96;28.20;20.39;15.66;13.67;1.48;3.68;0.49;0.72;16.40;4.31;3.92;9.61;2.75;0.00;0.01;0.50;0.60;0.00;26.85;10.34;36.33;45.15;3.18;6.04;2.14;4.87;10.91;25.92;156.76;41.62;44.04;14.02;
071020;21:48:57;3.32;22.10;14.00;5.39;7.23;5.72;3.36;0.00;0.00;0.00;0.07;0.06;0.07;5.52;8.77;1.97;28.22;20.39;15.67;13.75;1.48;3.72;0.50;0.72;16.73;4.35;4.09;9.72;2.77;0.00;0.01;0.50;0.60;0.00;22.25;4.86;14.98;41.82;2.04;6.58;2.30;5.22;9.73;23.30;137.30;37.81;40.51;12.50;
071020;21:48:59;3.31;22.07;13.98;5.38;7.22;5.71;3.36;0.00;0.00;0.00;0.07;0.06;0.07;5.57;8.79;2.00;28.34;20.44;15.77;13.76;1.48;3.72;0.50;0.73;16.28;4.30;3.87;9.57;2.74;0.00;0.01;0.50;0.60;0.00;65.06;363.56;2365.61;64.78;25.83;7.27;2.51;5.65;0.14;0.44;0.99;1.06;1.81;0.17;
071020;21:49:02;3.32;22.11;14.00;5.39;7.23;5.72;3.36;0.00;0.00;0.00;0.07;0.06;0.07;5.63;8.81;2.03;28.47;20.49;15.89;13.97;1.49;3.81;0.50;0.73;16.32;4.31;3.89;9.58;2.75;0.00;0.01;0.50;0.60;0.00;38.64;44.71;202.42;52.38;7.53;5.59;2.01;4.57;0.53;1.53;4.64;3.24;4.78;0.66;
071020;21:49:04;3.33;22.21;14.06;5.41;7.26;5.74;3.37;0.00;0.00;0.00;0.07;0.06;0.07;5.65;8.81;2.04;28.50;20.50;15.92;14.06;1.50;3.85;0.51;0.73;16.33;4.31;3.89;9.58;2.75;0.00;0.01;0.50;0.60;0.00;23.36;5.91;18.84;42.66;2.29;8.75;2.94;6.56;53.17;113.92;987.93;158.28;140.71;69.54;
071020;21:49:06;3.34;22.33;14.12;5.44;7.30;5.76;3.39;0.00;0.00;0.00;0.07;0.06;0.07;5.75;8.85;2.09;28.73;20.59;16.13;14.24;1.51;3.92;0.51;0.74;15.96;4.27;3.70;9.45;2.72;0.00;0.01;0.50;0.60;0.00;38.39;43.54;196.21;52.24;7.41;5.00;1.83;4.18;4.57;11.48;56.95;19.97;23.25;5.81;
071020;21:49:08;3.34;22.36;14.13;5.44;7.30;5.77;3.39;0.00;0.00;0.00;0.07;0.06;0.07;5.83;8.87;2.14;28.89;20.66;16.27;14.28;1.51;3.94;0.51;0.74;15.89;4.26;3.67;9.42;2.72;0.00;0.01;0.50;0.60;0.00;50.58;132.02;720.90;58.45;14.23;6.73;2.35;5.31;2.04;5.40;22.31;10.12;12.87;2.57;
071020;21:49:11;3.34;22.36;14.13;5.44;7.30;5.77;3.39;0.00;0.00;0.00;0.07;0.06;0.07;5.90;8.89;2.17;29.03;20.71;16.40;14.28;1.51;3.94;0.51;0.74;15.87;4.26;3.66;9.41;2.72;0.00;0.01;0.50;0.60;0.00;52.27;150.68;841.80;59.24;15.38;4.74;1.74;4.01;0.39;1.14;3.22;2.49;3.80;0.48;
071020;21:49:13;3.35;22.36;14.13;5.44;7.30;5.77;3.39;0.00;0.00;0.00;0.07;0.06;0.07;5.91;8.90;2.18;29.06;20.72;16.43;14.37;1.52;3.98;0.52;0.74;16.11;4.28;3.78;9.50;2.73;0.00;0.01;0.51;0.60;0.00;31.43;19.48;76.40;48.15;4.62;4.76;1.75;4.02;0.73;2.08;6.79;4.27;6.07;0.91;
071020;21:49:15;3.35;22.36;14.13;5.44;7.30;5.77;3.39;0.00;0.00;0.00;0.07;0.06;0.07;5.97;8.92;2.21;29.18;20.77;16.54;14.52;1.53;4.04;0.52;0.75;16.16;4.29;3.81;9.52;2.74;0.00;0.01;0.51;0.60;0.00;14.54;0.88;2.01;35.16;0.75;5.70;2.04;4.64;43.24;93.90;776.93;132.96;120.92;56.43;
071020;21:49:18;3.35;22.36;14.13;5.44;7.30;5.77;3.39;0.00;0.00;0.00;0.07;0.06;0.07;6.04;8.94;2.25;29.32;20.82;16.66;14.42;1.52;4.00;0.52;0.74;16.17;4.29;3.81;9.52;2.74;0.00;0.01;0.51;0.60;0.00;37.39;39.18;173.35;51.68;6.97;5.30;1.92;4.38;2.92;7.56;33.85;13.69;16.74;3.70;
071020;21:49:20;3.35;22.36;14.13;5.44;7.30;5.77;3.39;0.00;0.00;0.00;0.07;0.06;0.07;6.17;8.98;2.32;29.58;20.92;16.90;14.10;1.50;3.87;0.51;0.74;15.81;4.25;3.63;9.39;2.71;0.00;0.01;0.51;0.60;0.00;50.35;129.65;705.70;58.35;14.08;7.65;2.62;5.89;0.45;1.32;3.86;2.83;4.26;0.56;
071020;21:49:22;3.34;22.31;14.11;5.43;7.29;5.76;3.39;0.00;0.00;0.00;0.06;0.06;0.07;6.08;8.95;2.27;29.40;20.85;16.73;13.83;1.49;3.75;0.50;0.73;15.98;4.27;3.71;9.45;2.72;0.00;0.01;0.51;0.60;0.00;76.22;687.28;4993.04;69.10;37.56;5.78;2.06;4.70;0.18;0.55;1.31;1.30;2.15;0.22;
071020;21:49:25;3.32;22.11;14.00;5.39;7.23;5.72;3.36;0.00;0.00;0.00;0.06;0.06;0.06;6.17;8.98;2.32;29.60;20.93;16.91;13.38;1.46;3.56;0.48;0.71;15.89;4.26;3.67;9.42;2.72;0.00;0.01;0.51;0.60;0.00;45.62;87.20;443.14;56.05;11.15;5.70;2.04;4.65;0.50;1.47;4.40;3.12;4.62;0.63;
071020;21:49:27;3.31;22.07;13.98;5.38;7.22;5.71;3.36;0.00;0.00;0.00;0.06;0.06;0.06;6.19;8.99;2.34;29.63;20.95;16.95;13.02;1.44;3.41;0.47;0.70;15.63;4.23;3.54;9.33;2.70;0.00;0.01;0.51;0.60;0.00;38.57;44.38;200.64;52.34;7.50;7.68;2.63;5.91;5.27;13.14;67.34;22.55;25.84;6.72;
071020;21:49:29;3.31;22.06;13.98;5.38;7.22;5.71;3.36;0.00;0.00;0.00;0.06;0.06;0.06;6.20;8.99;2.34;29.64;20.95;16.96;12.64;1.41;3.26;0.46;0.69;15.33;4.20;3.40;9.22;2.68;0.00;0.01;0.51;0.60;0.00;36.59;35.91;156.52;51.23;6.62;7.83;2.67;6.00;17.14;39.54;265.05;60.93;61.34;22.14;
071020;21:49:32;3.29;21.86;13.88;5.33;7.16;5.68;3.34;0.00;0.00;0.00;0.06;0.05;0.06;6.20;8.99;2.34;29.64;20.95;16.96;12.38;1.40;3.16;0.45;0.69;15.40;4.20;3.43;9.24;2.68;0.00;0.01;0.51;0.60;0.00;21.75;4.43;13.44;41.43;1.93;8.63;2.90;6.49;35.31;77.71;613.94;112.08;104.22;45.98;
071020;21:49:34;3.28;21.77;13.84;5.31;7.13;5.66;3.33;0.00;0.00;0.00;0.06;0.05;0.06;6.20;8.99;2.34;29.64;20.95;16.96;12.11;1.38;3.05;0.44;0.68;15.65;4.23;3.55;9.33;2.70;0.00;0.01;0.51;0.60;0.00;53.26;162.53;919.99;59.70;16.09;7.07;2.45;5.52;0.93;2.58;8.92;5.20;7.21;1.16;
071020;21:49:36;3.27;21.71;13.80;5.30;7.11;5.65;3.32;0.00;0.00;0.00;0.06;0.05;0.06;6.25;9.00;2.37;29.76;20.99;17.07;11.88;1.37;2.96;0.44;0.67;15.70;4.24;3.58;9.35;2.71;0.00;0.01;0.51;0.60;0.00;59.47;253.31;1548.34;62.45;20.88;7.85;2.68;6.01;0.53;1.53;4.66;3.24;4.79;0.66;
071020;21:49:39;3.27;21.65;13.77;5.29;7.10;5.64;3.31;0.00;0.00;0.00;0.06;0.05;0.06;6.21;8.99;2.34;29.67;20.96;16.98;11.63;1.35;2.86;0.43;0.66;15.47;4.21;3.47;9.27;2.69;0.00;0.01;0.51;0.60;0.00;38.57;44.37;200.59;52.34;7.49;7.72;2.64;5.93;1.44;3.90;14.88;7.54;9.97;1.81;
071020;21:49:41;3.27;21.64;13.77;5.28;7.09;5.63;3.31;0.00;0.00;0.00;0.05;0.05;0.06;6.20;8.99;2.34;29.65;20.95;16.96;11.40;1.33;2.78;0.42;0.66;15.79;4.25;3.62;9.38;2.71;0.00;0.01;0.51;0.60;0.00;30.67;17.66;68.07;47.67;4.36;5.88;2.09;4.76;0.97;2.71;9.44;5.42;7.48;1.22;
071020;21:49:43;3.26;21.58;13.74;5.27;7.08;5.62;3.30;0.00;0.00;0.00;0.05;0.05;0.06;6.20;8.99;2.34;29.65;20.95;16.96;11.22;1.32;2.71;0.41;0.65;15.37;4.20;3.42;9.23;2.68;0.00;0.01;0.51;0.61;0.00;31.70;20.15;79.47;48.31;4.71;6.69;2.34;5.28;4.35;10.97;53.80;19.16;22.42;5.53;
071020;21:49:46;3.25;21.48;13.69;5.25;7.05;5.60;3.29;0.00;0.00;0.00;0.05;0.05;0.06;6.20;8.99;2.34;29.64;20.95;16.96;11.06;1.31;2.65;0.41;0.64;15.52;4.22;3.49;9.29;2.69;0.00;0.01;0.51;0.61;0.00;27.55;11.47;41.04;45.63;3.38;5.58;2.00;4.57;28.52;63.65;479.06;93.62;89.12;37.05;
071020;21:49:48;3.25;21.46;13.68;5.25;7.04;5.60;3.29;0.00;0.00;0.00;0.05;0.05;0.06;6.25;9.00;2.37;29.76;20.99;17.07;10.83;1.30;2.56;0.40;0.64;15.44;4.21;3.45;9.25;2.69;0.00;0.01;0.51;0.61;0.00;36.61;35.97;156.81;51.23;6.62;5.98;2.13;4.83;8.33;20.14;114.52;33.15;36.12;10.67;
071020;21:49:50;3.25;21.45;13.68;5.24;7.04;5.60;3.29;0.00;0.00;0.00;0.05;0.05;0.06;6.21;8.99;2.34;29.67;20.96;16.98;10.62;1.28;2.49;0.39;0.63;15.42;4.20;3.44;9.25;2.69;0.00;0.01;0.51;0.61;0.00;61.60;291.86;1828.20;63.35;22.70;5.17;1.88;4.30;0.36;1.07;2.98;2.35;3.61;0.45;
071020;21:49:52;3.25;21.45;13.68;5.24;7.04;5.60;3.29;0.00;0.00;0.00;0.05;0.05;0.06;6.26;9.01;2.37;29.76;21.00;17.07;10.46;1.27;2.43;0.39;0.63;15.42;4.20;3.44;9.25;2.69;0.00;0.01;0.51;0.61;0.00;19.07;2.61;7.23;39.27;1.42;8.62;2.90;6.48;36.56;80.28;639.36;115.43;106.93;47.63;
071020;21:49:55;3.25;21.45;13.68;5.24;7.04;5.60;3.29;0.00;0.00;0.00;0.05;0.05;0.06;6.21;8.99;2.35;29.67;20.96;16.98;10.27;1.26;2.36;0.38;0.62;16.02;4.27;3.73;9.47;2.73;0.00;0.01;0.51;0.61;0.00;56.66;208.44;1231.79;61.22;18.62;5.06;1.84;4.22;0.31;0.92;2.47;2.05;3.21;0.38;
071020;21:49:57;3.23;21.26;13.58;5.20;6.98;5.56;3.27;0.00;0.00;0.00;0.05;0.05;0.05;6.32;9.02;2.40;29.88;21.04;17.18;10.11;1.25;2.31;0.38;0.61;15.29;4.19;3.39;9.20;2.68;0.00;0.01;0.51;0.61;0.00;68.94;459.03;3109.79;66.33;29.62;8.70;2.92;6.53;0.16;0.49;1.14;1.17;1.97;0.19;
071020;21:49:59;3.22;21.23;13.56;5.19;6.97;5.56;3.26;0.00;0.00;0.00;0.05;0.05;0.05;6.28;9.01;2.38;29.81;21.01;17.11;10.02;1.24;2.27;0.37;0.61;15.15;4.17;3.32;9.15;2.67;0.00;0.01;0.51;0.61;0.00;27.07;10.68;37.73;45.30;3.24;6.55;2.30;5.20;0.82;2.32;7.79;4.71;6.62;1.03;
071020;21:50:02;3.22;21.17;13.54;5.18;6.96;5.55;3.26;0.00;0.00;0.00;0.05;0.05;0.05;6.21;8.99;2.35;29.68;20.96;16.99;9.85;1.23;2.21;0.37;0.61;15.48;4.21;3.47;9.27;2.69;0.00;0.01;0.51;0.61;0.00;29.39;14.86;55.61;46.84;3.94;4.68;1.72;3.96;11.85;28.01;172.63;44.64;46.80;15.25;
071020;21:50:04;3.22;21.16;13.53;5.18;6.95;5.55;3.26;0.00;0.00;0.00;0.05;0.05;0.05;6.32;9.02;2.41;29.88;21.04;17.18;9.73;1.22;2.17;0.36;0.60;15.31;4.19;3.39;9.21;2.68;0.00;0.01;0.51;0.61;0.00;32.39;21.98;88.00;48.74;4.96;5.63;2.02;4.60;3.20;8.23;37.62;14.78;17.89;4.05;
071020;21:50:06;3.24;21.39;13.65;5.23;7.02;5.59;3.28;0.00;0.00;0.00;0.05;0.05;0.05;6.40;9.05;2.45;30.04;21.10;17.33;9.68;1.22;2.15;0.36;0.60;15.39;4.20;3.43;9.24;2.68;0.00;0.01;0.51;0.61;0.00;35.03;30.14;127.44;50.32;5.97;8.93;2.99;6.67;0.28;0.85;2.23;1.90;3.01;0.35;
071020;21:50:09;3.24;21.35;13.62;5.22;7.01;5.58;3.28;0.00;0.00;0.00;0.05;0.05;0.05;6.53;9.09;2.53;30.31;21.21;17.58;9.55;1.21;2.11;0.36;0.60;15.41;4.20;3.44;9.24;2.69;0.00;0.01;0.51;0.61;0.00;39.25;47.62;217.98;52.71;7.81;7.48;2.57;5.78;0.60;1.72;5.38;3.61;5.25;0.75;
071020;21:50:11;3.23;21.34;13.62;5.22;7.01;5.58;3.28;0.00;0.00;0.00;0.05;0.05;0.05;6.44;9.06;2.47;30.13;21.14;17.41;9.50;1.20;2.09;0.36;0.59;15.53;4.22;3.50;9.29;2.69;0.00;0.01;0.51;0.61;0.00;28.73;13.58;50.01;46.42;3.73;6.98;2.42;5.47;2.52;6.59;28.53;12.09;15.03;3.19;
071020;21:50:13;3.23;21.29;13.59;5.21;6.99;5.57;3.27;0.00;0.00;0.00;0.05;0.05;0.05;6.54;9.09;2.53;30.33;21.21;17.59;9.35;1.19;2.04;0.35;0.59;16.05;4.27;3.75;9.48;2.73;0.00;0.01;0.51;0.61;0.00;35.73;32.63;139.87;50.73;6.26;5.33;1.93;4.40;1.39;3.79;14.34;7.34;9.73;1.75;
071020;21:50:16;3.22;21.19;13.54;5.19;6.96;5.55;3.26;0.00;0.00;0.00;0.05;0.05;0.05;6.62;9.11;2.58;30.49;21.27;17.74;9.26;1.19;2.01;0.35;0.59;16.15;4.29;3.80;9.52;2.74;0.00;0.01;0.51;0.61;0.00;38.75;45.23;205.17;52.44;7.58;6.06;2.15;4.88;1.43;3.87;14.75;7.49;9.91;1.79;
071020;21:50:18;3.22;21.16;13.53;5.18;6.96;5.55;3.26;0.00;0.00;0.00;0.05;0.05;0.05;6.58;9.10;2.55;30.40;21.24;17.66;9.10;1.18;1.96;0.34;0.58;15.92;4.26;3.69;9.43;2.72;0.00;0.01;0.51;0.61;0.00;24.06;6.65;21.64;43.17;2.45;7.85;2.68;6.02;2.20;5.80;24.35;10.78;13.60;2.78;
071020;21:50:20;3.21;21.16;13.53;5.18;6.95;5.54;3.26;0.00;0.00;0.00;0.05;0.05;0.05;6.57;9.10;2.55;30.38;21.23;17.64;9.02;1.17;1.93;0.34;0.58;16.25;4.30;3.85;9.55;2.74;0.00;0.01;0.51;0.61;0.00;68.26;441.09;2967.74;66.06;28.94;4.90;1.80;4.12;0.24;0.73;1.84;1.66;2.67;0.29;
071020;21:50:23;3.21;21.16;13.53;5.18;6.95;5.54;3.26;0.00;0.00;0.00;0.05;0.05;0.05;6.57;9.10;2.55;30.38;21.23;17.64;8.98;1.17;1.92;0.34;0.58;16.07;4.28;3.76;9.49;2.73;0.00;0.01;0.52;0.61;0.00;36.19;34.33;148.50;50.99;6.45;4.60;1.70;3.91;1.36;3.70;13.94;7.19;9.57;1.71;
071020;21:50:25;3.21;21.16;13.53;5.18;6.95;5.54;3.26;0.00;0.00;0.00;0.05;0.05;0.05;6.63;9.11;2.58;30.50;21.28;17.75;8.97;1.17;1.91;0.34;0.58;16.15;4.29;3.80;9.52;2.74;0.00;0.01;0.52;0.61;0.00;21.80;4.47;13.60;41.48;1.94;4.65;1.72;3.95;75.78;158.67;1491.65;213.43;182.50;99.51;
071020;21:50:27;3.22;21.21;13.55;5.19;6.97;5.55;3.26;0.00;0.00;0.00;0.05;0.05;0.05;6.89;9.19;2.74;31.00;21.47;18.22;8.91;1.16;1.90;0.34;0.57;16.93;4.37;4.20;9.80;2.79;0.00;0.01;0.52;0.61;0.00;27.17;10.84;38.39;45.37;3.27;4.61;1.70;3.91;4.59;11.54;57.33;20.06;23.34;5.85;
071020;21:50:29;3.23;21.31;13.60;5.21;7.00;5.57;3.27;0.00;0.00;0.00;0.05;0.05;0.05;7.07;9.24;2.84;31.35;21.60;18.55;8.87;1.16;1.88;0.33;0.57;17.62;4.44;4.57;10.04;2.83;0.00;0.01;0.52;0.62;0.00;68.15;438.00;2943.33;66.01;28.82;5.77;2.06;4.70;0.19;0.59;1.43;1.38;2.27;0.24;
071020;21:50:32;3.24;21.38;13.64;5.23;7.02;5.59;3.28;0.00;0.00;0.00;0.05;0.05;0.05;7.31;9.30;2.99;31.79;21.76;18.97;8.87;1.16;1.88;0.33;0.57;17.50;4.43;4.50;10.00;2.82;0.00;0.01;0.52;0.62;0.00;47.93;106.33;559.23;57.19;12.53;6.84;2.38;5.38;2.13;5.62;23.41;10.48;13.27;2.68;
071020;21:50:34;3.25;21.44;13.67;5.24;7.04;5.60;3.29;0.00;0.00;0.00;0.05;0.05;0.05;7.29;9.30;2.97;31.75;21.75;18.94;8.84;1.16;1.87;0.33;0.57;18.15;4.50;4.86;10.23;2.86;0.00;0.01;0.52;0.62;0.00;26.42;9.69;33.65;44.85;3.06;5.95;2.12;4.81;98.14;202.03;2014.40;265.42;220.59;129.23;
071020;21:50:36;3.25;21.45;13.68;5.24;7.04;5.60;3.29;0.00;0.00;0.00;0.05;0.05;0.05;7.70;9.41;3.23;32.50;22.03;19.65;8.91;1.16;1.90;0.34;0.57;18.56;4.54;5.10;10.37;2.89;0.00;0.01;0.52;0.62;0.00;32.39;22.00;88.07;48.74;4.96;3.81;1.45;3.36;4.02;10.19;49.08;17.92;21.16;5.11;
071020;21:50:39;3.27;21.69;13.80;5.30;7.11;5.64;3.32;0.00;0.00;0.00;0.05;0.05;0.06;8.15;9.52;3.51;33.29;22.32;20.43;9.06;1.17;1.95;0.34;0.58;20.25;4.71;6.13;10.94;2.99;0.00;0.01;0.53;0.62;0.00;31.43;19.47;76.31;48.14;4.62;6.13;2.17;4.92;2.20;5.81;24.41;10.80;13.62;2.78;
071020;21:50:41;3.27;21.69;13.80;5.30;7.11;5.64;3.32;0.00;0.00;0.00;0.05;0.05;0.06;8.31;9.56;3.62;33.58;22.42;20.71;8.98;1.17;1.92;0.34;0.58;20.59;4.74;6.35;11.06;3.01;0.00;0.01;0.53;0.63;0.00;41.56;59.92;285.35;53.96;8.94;5.34;1.93;4.41;0.53;1.53;4.64;3.24;4.78;0.66;
071020;21:50:43;3.29;21.84;13.87;5.33;7.15;5.67;3.33;0.00;0.00;0.00;0.05;0.05;0.06;9.23;9.78;4.23;35.11;22.98;22.25;9.16;1.18;1.98;0.34;0.58;22.92;4.96;7.97;11.81;3.14;0.00;0.01;0.53;0.63;0.00;26.86;10.35;36.39;45.16;3.18;5.40;1.95;4.45;8.19;19.83;112.33;32.68;35.69;10.49;
071020;21:50:46;3.31;22.01;13.96;5.37;7.20;5.70;3.35;0.00;0.00;0.00;0.06;0.05;0.06;9.96;9.93;4.73;36.26;23.38;23.43;9.33;1.19;2.04;0.35;0.59;25.21;5.15;9.74;12.53;3.26;0.00;0.01;0.54;0.63;0.00;13.59;0.67;1.46;34.20;0.63;5.34;1.93;4.41;877.23;1565.34;25694.70;1683.38;1099.81;1183.20;
071020;21:50:48;3.26;21.61;13.76;5.28;7.09;5.63;3.31;0.00;0.00;0.00;0.05;0.05;0.06;8.82;9.68;3.95;34.42;22.73;21.56;8.90;1.16;1.89;0.34;0.57;21.84;4.86;7.19;11.47;3.08;0.00;0.01;0.53;0.63;0.00;21.04;3.88;11.50;40.88;1.79;8.40;2.84;6.35;12.95;30.42;191.30;48.10;49.94;16.68;
071020;21:50:50;3.28;21.72;13.81;5.30;7.12;5.65;3.32;0.00;0.00;0.00;0.06;0.05;0.06;9.43;9.82;4.36;35.42;23.09;22.57;8.98;1.17;1.92;0.34;0.58;24.25;5.07;8.98;12.23;3.21;0.00;0.01;0.53;0.63;0.00;45.31;84.82;429.03;55.89;10.97;5.18;1.88;4.30;0.36;1.06;2.94;2.33;3.58;0.44;
071020;21:50:53;3.28;21.75;13.82;5.31;7.12;5.65;3.32;0.00;0.00;0.00;0.06;0.05;0.06;9.39;9.81;4.33;35.35;23.06;22.49;8.86;1.16;1.88;0.33;0.57;23.70;5.02;8.55;12.06;3.18;0.00;0.01;0.53;0.63;0.00;43.36;71.04;348.46;54.90;9.89;6.70;2.34;5.29;0.77;2.18;7.23;4.47;6.32;0.97;
071020;21:50:55;3.22;21.18;13.54;5.18;6.96;5.55;3.26;0.00;0.00;0.00;0.05;0.05;0.06;7.80;9.43;3.29;32.68;22.10;19.83;8.37;1.12;1.72;0.32;0.55;20.16;4.70;6.08;10.91;2.99;0.00;0.01;0.52;0.62;0.00;48.37;110.30;583.83;57.40;12.81;6.75;2.36;5.32;0.41;1.19;3.41;2.59;3.94;0.50;
071020;21:50:57;3.19;20.93;13.42;5.13;6.89;5.50;3.23;0.00;0.00;0.00;0.05;0.05;0.05;6.99;9.22;2.79;31.19;21.54;18.40;8.00;1.10;1.60;0.30;0.54;17.42;4.42;4.46;9.97;2.82;0.00;0.01;0.52;0.62;0.00;19.64;2.94;8.31;39.75;1.52;5.37;1.94;4.43;29.69;66.08;501.88;96.83;91.78;38.58;
071020;21:51:00;3.18;20.88;13.39;5.12;6.87;5.49;3.23;0.00;0.00;0.00;0.05;0.05;0.05;6.53;9.09;2.52;30.30;21.20;17.56;7.88;1.09;1.57;0.30;0.54;15.92;4.26;3.68;9.43;2.72;0.00;0.01;0.52;0.61;0.00;40.33;53.13;247.81;53.30;8.33;8.57;2.89;6.45;1.56;4.21;16.37;8.08;10.58;1.97;
071020;21:51:02;3.18;20.83;13.36;5.11;6.86;5.48;3.22;0.00;0.00;0.00;0.05;0.05;0.05;6.50;9.08;2.51;30.24;21.18;17.51;7.84;1.08;1.55;0.30;0.53;16.12;4.28;3.79;9.51;2.73;0.00;0.01;0.52;0.61;0.00;75.24;652.27;4696.04;68.73;36.43;7.13;2.47;5.57;0.19;0.58;1.40;1.36;2.24;0.23;
071020;21:51:04;3.17;20.77;13.33;5.09;6.84;5.47;3.21;0.00;0.00;0.00;0.05;0.05;0.05;6.55;9.09;2.54;30.35;21.22;17.61;7.73;1.07;1.52;0.30;0.53;16.04;4.27;3.75;9.48;2.73;0.00;0.01;0.52;0.61;0.00;38.12;42.31;189.74;52.09;7.29;6.72;2.35;5.31;4.25;10.73;52.36;18.78;22.04;5.40;
071020;21:51:07;3.17;20.76;13.33;5.09;6.84;5.47;3.21;0.00;0.00;0.00;0.05;0.05;0.05;6.44;9.06;2.48;30.14;21.14;17.41;7.71;1.07;1.51;0.29;0.53;15.78;4.25;3.62;9.38;2.71;0.00;0.01;0.52;0.61;0.00;34.84;29.47;124.16;50.21;5.89;6.72;2.35;5.30;0.68;1.93;6.19;3.99;5.73;0.84;
071020;21:51:09;3.16;20.67;13.28;5.07;6.81;5.45;3.20;0.00;0.00;0.00;0.05;0.05;0.05;6.36;9.04;2.43;29.98;21.08;17.26;7.59;1.06;1.48;0.29;0.53;15.49;4.21;3.48;9.27;2.69;0.00;0.01;0.52;0.61;0.00;51.75;144.79;803.36;59.00;15.03;5.69;2.04;4.64;0.23;0.71;1.79;1.62;2.62;0.29;
071020;21:51:11;3.15;20.60;13.25;5.06;6.79;5.44;3.19;0.00;0.00;0.00;0.04;0.05;0.05;6.29;9.01;2.39;29.83;21.02;17.13;7.55;1.06;1.46;0.29;0.52;15.67;4.23;3.56;9.34;2.70;0.00;0.01;0.52;0.61;0.00;27.31;11.06;39.34;45.46;3.31;5.80;2.07;4.71;5.10;12.73;64.74;21.91;25.20;6.50;
071020;21:51:13;3.15;20.59;13.24;5.05;6.79;5.44;3.19;0.00;0.00;0.00;0.05;0.05;0.05;6.22;8.99;2.35;29.68;20.96;16.99;7.47;1.05;1.44;0.29;0.52;15.23;4.18;3.35;9.18;2.67;0.00;0.01;0.52;0.61;0.00;51.70;144.17;799.29;58.98;14.99;7.18;2.48;5.59;0.71;2.02;6.57;4.17;5.95;0.89;
071020;21:51:16;3.15;20.59;13.24;5.05;6.79;5.44;3.19;0.00;0.00;0.00;0.05;0.05;0.05;6.26;9.01;2.37;29.77;21.00;17.07;7.43;1.05;1.43;0.29;0.52;15.38;4.20;3.42;9.23;2.68;0.00;0.01;0.52;0.62;0.00;87.73;1209.81;9692.94;73.17;52.38;6.89;2.40;5.41;0.10;0.34;0.71;0.83;1.46;0.13;
071020;21:51:18;3.15;20.59;13.24;5.05;6.79;5.44;3.19;0.00;0.00;0.00;0.04;0.05;0.05;6.21;8.99;2.35;29.67;20.96;16.98;7.42;1.05;1.43;0.28;0.52;15.41;4.20;3.44;9.24;2.69;0.00;0.01;0.52;0.61;0.00;31.55;19.78;77.77;48.22;4.66;6.60;2.31;5.23;1.97;5.23;21.43;9.83;12.55;2.48;
071020;21:51:20;3.15;20.59;13.24;5.05;6.79;5.44;3.19;0.00;0.00;0.00;0.04;0.05;0.05;6.20;8.99;2.34;29.65;20.95;16.96;7.31;1.04;1.39;0.28;0.51;15.41;4.20;3.44;9.25;2.69;0.00;0.01;0.52;0.61;0.00;33.07;23.89;97.02;49.15;5.21;7.03;2.44;5.50;3.67;9.37;44.22;16.62;19.81;4.66;
071020;21:51:23;3.15;20.59;13.24;5.05;6.79;5.44;3.19;0.00;0.00;0.00;0.04;0.05;0.05;6.20;8.99;2.34;29.65;20.95;16.96;7.27;1.04;1.38;0.28;0.51;15.41;4.20;3.44;9.25;2.69;0.00;0.01;0.52;0.61;0.00;66.78;403.68;2674.70;65.47;27.47;8.74;2.93;6.55;0.12;0.39;0.85;0.95;1.64;0.15;
071020;21:51:25;3.15;20.59;13.24;5.05;6.79;5.44;3.19;0.00;0.00;0.00;0.04;0.04;0.05;6.14;8.97;2.31;29.53;20.90;16.85;7.19;1.03;1.36;0.28;0.51;15.78;4.24;3.62;9.38;2.71;0.00;0.01;0.52;0.61;0.00;64.27;345.99;2232.03;64.45;25.09;4.36;1.62;3.74;0.39;1.14;3.22;2.48;3.79;0.48;
071020;21:51:27;3.14;20.45;13.17;5.02;6.75;5.41;3.18;0.00;0.00;0.00;0.04;0.04;0.05;6.13;8.97;2.30;29.50;20.90;16.83;7.13;1.03;1.34;0.27;0.51;15.25;4.19;3.36;9.18;2.67;0.00;0.01;0.52;0.61;0.00;81.59;903.64;6883.38;71.04;44.12;7.87;2.69;6.03;0.39;1.15;3.25;2.50;3.82;0.48;
071020;21:51:30;3.13;20.38;13.14;5.01;6.72;5.40;3.17;0.00;0.00;0.00;0.04;0.04;0.05;6.07;8.95;2.27;29.38;20.85;16.72;7.08;1.02;1.33;0.27;0.51;15.50;4.21;3.48;9.28;2.69;0.00;0.01;0.52;0.61;0.00;28.87;13.83;51.11;46.50;3.78;4.84;1.77;4.07;17.75;40.85;276.01;62.75;62.93;22.94;
071020;21:51:32;3.14;20.45;13.17;5.02;6.75;5.41;3.18;0.00;0.00;0.00;0.04;0.04;0.05;6.11;8.96;2.29;29.48;20.88;16.81;7.05;1.02;1.32;0.27;0.50;15.67;4.23;3.57;9.34;2.70;0.00;0.01;0.52;0.61;0.00;25.49;8.39;28.42;44.20;2.81;6.27;2.21;5.02;2.07;5.49;22.73;10.25;13.02;2.62;
071020;21:51:34;3.14;20.51;13.20;5.04;6.76;5.42;3.18;0.00;0.00;0.00;0.04;0.04;0.05;6.18;8.98;2.33;29.61;20.94;16.93;7.02;1.02;1.31;0.27;0.50;15.71;4.24;3.58;9.35;2.71;0.00;0.01;0.52;0.61;0.00;17.34;1.78;4.62;37.78;1.13;6.04;2.14;4.87;90.61;187.52;1836.00;248.15;208.05;119.21;
071020;21:51:37;3.15;20.53;13.21;5.04;6.77;5.43;3.19;0.00;0.00;0.00;0.04;0.04;0.05;6.19;8.99;2.34;29.64;20.95;16.95;7.01;1.02;1.31;0.27;0.50;16.21;4.29;3.83;9.54;2.74;0.00;0.01;0.52;0.62;0.00;37.68;40.39;179.66;51.84;7.09;6.10;2.16;4.90;0.72;2.05;6.69;4.22;6.02;0.90;
071020;21:51:39;3.13;20.39;13.14;5.01;6.73;5.40;3.17;0.00;0.00;0.00;0.04;0.04;0.05;6.20;8.99;2.34;29.64;20.95;16.96;6.99;1.02;1.30;0.27;0.50;15.93;4.26;3.69;9.44;2.72;0.00;0.01;0.52;0.61;0.00;37.06;37.80;166.22;51.49;6.82;4.97;1.82;4.16;0.51;1.49;4.49;3.16;4.68;0.64;
071020;21:51:41;3.12;20.32;13.11;4.99;6.71;5.39;3.16;0.00;0.00;0.00;0.04;0.04;0.05;6.20;8.99;2.34;29.64;20.95;16.96;6.90;1.01;1.27;0.27;0.50;16.13;4.28;3.79;9.51;2.73;0.00;0.01;0.52;0.61;0.00;51.17;138.36;761.67;58.73;14.63;6.02;2.14;4.85;0.35;1.04;2.89;2.30;3.54;0.43;
071020;21:51:44;3.14;20.44;13.17;5.02;6.74;5.41;3.18;0.00;0.00;0.00;0.04;0.04;0.05;6.25;9.00;2.37;29.76;20.99;17.07;6.88;1.01;1.27;0.27;0.50;16.29;4.30;3.87;9.57;2.74;0.00;0.01;0.52;0.62;0.00;31.55;19.78;77.76;48.22;4.66;7.52;2.58;5.81;2.59;6.76;29.44;12.37;15.33;3.27;
071020;21:51:46;3.12;20.33;13.11;5.00;6.71;5.39;3.16;0.00;0.00;0.00;0.04;0.04;0.05;6.21;8.99;2.34;29.67;20.96;16.98;6.82;1.00;1.25;0.26;0.50;15.95;4.26;3.70;9.44;2.72;0.00;0.01;0.52;0.61;0.00;25.38;8.25;27.87;44.13;2.79;6.76;2.36;5.33;4.97;12.43;62.86;21.45;24.74;6.33;
071020;21:51:48;3.12;20.31;13.10;4.99;6.70;5.38;3.16;0.00;0.00;0.00;0.04;0.04;0.05;6.20;8.99;2.34;29.65;20.95;16.96;6.74;1.00;1.23;0.26;0.49;16.13;4.28;3.79;9.51;2.73;0.00;0.01;0.52;0.61;0.00;29.34;14.77;55.22;46.82;3.93;7.27;2.51;5.65;2.55;6.67;28.97;12.23;15.17;3.23;
071020;21:51:50;3.12;20.31;13.10;4.99;6.70;5.38;3.16;0.00;0.00;0.00;0.04;0.04;0.05;6.26;9.00;2.37;29.76;20.99;17.07;6.75;1.00;1.23;0.26;0.49;16.42;4.32;3.93;9.61;2.75;0.00;0.01;0.52;0.62;0.00;20.20;3.29;9.49;40.21;1.62;6.25;2.21;5.01;36.14;79.42;630.86;114.31;106.03;47.08;
071020;21:51:53;3.12;20.31;13.10;4.99;6.70;5.38;3.16;0.00;0.00;0.00;0.04;0.04;0.05;6.32;9.03;2.41;29.90;21.05;17.20;6.73;0.99;1.22;0.26;0.49;16.86;4.36;4.16;9.77;2.78;0.00;0.01;0.52;0.62;0.00;37.75;40.72;181.37;51.88;7.13;4.94;1.81;4.14;0.70;1.99;6.42;4.10;5.87;0.87;
071020;21:51:55;3.12;20.30;13.10;4.99;6.70;5.38;3.16;0.00;0.00;0.00;0.04;0.04;0.05;6.34;9.03;2.42;29.93;21.06;17.22;6.72;0.99;1.22;0.26;0.49;17.08;4.39;4.28;9.85;2.80;0.00;0.01;0.52;0.62;0.00;48.32;109.82;580.88;57.37;12.77;3.29;1.28;2.98;0.23;0.71;1.77;1.61;2.60;0.28;
071020;21:51:57;3.11;20.22;13.05;4.97;6.68;5.37;3.15;0.00;0.00;0.00;0.04;0.04;0.05;6.00;8.93;2.23;29.24;20.79;16.59;6.60;0.98;1.19;0.26;0.49;15.85;4.25;3.65;9.41;2.72;0.00;0.01;0.52;0.61;0.00;36.55;35.76;155.74;51.20;6.60;5.33;1.93;4.41;1.96;5.20;21.28;9.77;12.49;2.47;
071020;21:52:00;3.12;20.29;13.09;4.99;6.70;5.38;3.16;0.00;0.00;0.00;0.04;0.04;0.05;6.04;8.94;2.25;29.33;20.83;16.67;6.54;0.98;1.17;0.25;0.48;15.99;4.27;3.72;9.46;2.72;0.00;0.01;0.52;0.62;0.00;35.13;30.46;129.06;50.38;6.01;6.59;2.31;5.22;1.30;3.56;13.28;6.94;9.27;1.64;
071020;21:52:02;3.13;20.39;13.14;5.01;6.73;5.40;3.17;0.00;0.00;0.00;0.04;0.04;0.05;6.40;9.05;2.45;30.05;21.10;17.33;6.60;0.98;1.19;0.26;0.49;16.77;4.35;4.11;9.74;2.78;0.00;0.01;0.52;0.62;0.00;33.21;24.32;99.07;49.24;5.26;6.31;2.22;5.04;1.23;3.36;12.37;6.59;8.87;1.54;
071020;21:52:04;3.12;20.32;13.11;4.99;6.71;5.39;3.16;0.00;0.00;0.00;0.04;0.05;0.05;6.59;9.10;2.56;30.43;21.25;17.69;6.62;0.99;1.19;0.26;0.49;17.19;4.40;4.34;9.89;2.80;0.00;0.01;0.52;0.62;0.00;37.22;38.46;169.63;51.58;6.89;6.50;2.28;5.16;0.56;1.61;4.96;3.40;4.98;0.70;
071020;21:52:07;3.12;20.31;13.10;4.99;6.70;5.38;3.16;0.00;0.00;0.00;0.04;0.05;0.05;6.57;9.10;2.55;30.39;21.24;17.65;6.58;0.98;1.18;0.26;0.49;17.68;4.45;4.60;10.06;2.83;0.00;0.01;0.52;0.62;0.00;41.41;59.05;280.52;53.88;8.87;4.87;1.79;4.10;0.83;2.32;7.80;4.72;6.63;1.03;
071020;21:52:09;3.10;20.13;13.01;4.95;6.65;5.35;3.14;0.00;0.00;0.00;0.04;0.04;0.05;6.27;9.01;2.38;29.79;21.01;17.09;6.41;0.97;1.14;0.25;0.48;16.21;4.29;3.83;9.54;2.74;0.00;0.01;0.52;0.61;0.00;28.88;13.86;51.22;46.51;3.78;7.31;2.52;5.68;3.82;9.71;46.25;17.17;20.39;4.85;
071020;21:52:11;3.12;20.31;13.10;4.99;6.71;5.39;3.16;0.00;0.00;0.00;0.05;0.05;0.05;6.81;9.17;2.69;30.86;21.41;18.09;6.56;0.98;1.18;0.25;0.49;18.00;4.48;4.78;10.18;2.85;0.00;0.01;0.52;0.62;0.00;51.22;138.92;765.30;58.76;14.67;6.82;2.38;5.37;0.17;0.53;1.26;1.25;2.09;0.21;
071020;21:52:14;3.13;20.35;13.12;5.00;6.72;5.39;3.17;0.00;0.00;0.00;0.05;0.05;0.05;6.93;9.20;2.76;31.08;21.50;18.29;6.63;0.99;1.20;0.26;0.49;18.67;4.55;5.16;10.41;2.90;0.00;0.01;0.52;0.62;0.00;61.56;291.01;1821.97;63.33;22.66;7.07;2.45;5.53;0.35;1.05;2.91;2.31;3.56;0.44;
