081020;13:41:30;4.62;35.06;20.11;8.16;10.90;7.95;4.71;0.00;0.00;0.00;0.09;0.07;0.09;74.82;15.20;94.28;85.24;37.30;92.35;13.64;1.47;3.67;0.49;0.72;67.03;7.73;77.08;22.91;4.79;0.02;0.06;0.71;0.82;0.01;22.86;5.41;17.01;42.29;2.18;7.64;2.62;5.88;0.05;0.15;0.27;0.41;0.79;0.05;
081020;13:41:30;3.09;20.03;12.96;4.93;6.62;5.33;3.13;0.00;0.00;0.00;0.04;0.04;0.05;5.67;8.82;2.05;28.54;20.52;15.95;5.58;0.90;0.92;0.22;0.44;19.41;4.63;5.60;10.66;2.94;0.00;0.01;0.53;0.63;0.00;16.14;1.33;3.29;36.69;0.95;5.01;1.83;4.19;0.03;0.10;0.16;0.28;0.57;0.03;
081020;13:41:32;2.91;18.40;12.12;4.57;6.14;5.02;2.94;0.00;0.00;0.00;0.04;0.04;0.04;4.25;8.30;1.34;25.27;19.20;13.13;5.04;0.85;0.78;0.20;0.42;18.28;4.51;4.94;10.27;2.87;0.00;0.01;0.51;0.61;0.00;11.30;0.32;0.61;31.72;0.41;4.63;1.71;3.93;0.01;0.04;0.05;0.13;0.29;0.01;
081020;13:41:34;2.86;18.01;11.92;4.48;6.03;4.94;2.90;0.00;0.00;0.00;0.04;0.04;0.04;3.88;8.14;1.17;24.29;18.79;12.32;4.83;0.83;0.73;0.19;0.41;17.45;4.43;4.48;9.98;2.82;0.00;0.01;0.51;0.60;0.00;8.28;0.09;0.14;27.94;0.20;3.81;1.45;3.36;0.01;0.04;0.05;0.12;0.27;0.01;
081020;13:41:37;2.82;17.63;11.72;4.39;5.91;4.87;2.85;0.00;0.00;0.00;0.03;0.04;0.04;3.17;7.80;0.86;22.30;17.93;10.74;4.51;0.80;0.66;0.18;0.40;14.73;4.13;3.13;8.99;2.64;0.00;0.00;0.50;0.60;0.00;8.92;0.12;0.20;28.81;0.23;3.19;1.25;2.91;0.01;0.03;0.04;0.11;0.25;0.01;
081020;13:41:39;2.84;17.82;11.82;4.44;5.97;4.91;2.87;0.00;0.00;0.00;0.04;0.04;0.04;3.36;7.90;0.94;22.88;18.19;11.19;4.61;0.80;0.68;0.19;0.40;15.60;4.22;3.53;9.31;2.70;0.00;0.01;0.50;0.60;0.00;9.95;0.19;0.34;30.12;0.30;4.26;1.59;3.67;0.03;0.10;0.15;0.27;0.55;0.03;
081020;13:41:41;2.88;18.13;11.99;4.51;6.06;4.97;2.91;0.00;0.00;0.00;0.04;0.04;0.04;3.98;8.18;1.21;24.56;18.90;12.54;4.91;0.83;0.75;0.20;0.41;18.72;4.56;5.19;10.42;2.90;0.00;0.01;0.51;0.61;0.00;11.10;0.30;0.56;31.50;0.39;4.52;1.67;3.86;0.08;0.25;0.49;0.63;1.15;0.09;
081020;13:41:44;2.82;17.65;11.73;4.40;5.92;4.87;2.85;0.00;0.00;0.00;0.04;0.04;0.04;3.24;7.84;0.89;22.52;18.03;10.91;4.55;0.80;0.67;0.18;0.40;15.25;4.19;3.36;9.18;2.67;0.00;0.00;0.50;0.60;0.00;13.05;0.57;1.20;33.64;0.58;4.34;1.62;3.73;0.01;0.04;0.06;0.13;0.30;0.01;
081020;13:41:46;2.80;17.44;11.62;4.35;5.86;4.83;2.83;0.00;0.00;0.00;0.03;0.04;0.04;3.06;7.74;0.82;21.97;17.79;10.48;4.43;0.79;0.64;0.18;0.39;14.14;4.06;2.87;8.77;2.60;0.00;0.00;0.50;0.59;0.00;11.35;0.32;0.62;31.78;0.41;4.25;1.59;3.67;0.02;0.07;0.10;0.20;0.43;0.02;
081020;13:41:48;2.81;17.51;11.66;4.37;5.88;4.84;2.84;0.00;0.00;0.00;0.03;0.04;0.04;3.11;7.77;0.84;22.11;17.85;10.60;4.48;0.79;0.65;0.18;0.39;14.33;4.08;2.95;8.84;2.61;0.00;0.00;0.50;0.59;0.00;12.37;0.46;0.94;32.92;0.51;3.92;1.49;3.44;0.01;0.05;0.06;0.13;0.30;0.01;
081020;13:41:51;2.81;17.57;11.69;4.38;5.89;4.86;2.84;0.00;0.00;0.00;0.03;0.04;0.04;3.14;7.79;0.85;22.23;17.90;10.69;4.48;0.79;0.65;0.18;0.40;14.57;4.11;3.05;8.93;2.63;0.00;0.00;0.50;0.59;0.00;14.08;0.77;1.73;34.71;0.69;5.14;1.87;4.28;0.02;0.08;0.12;0.22;0.47;0.03;
081020;13:41:53;2.82;17.65;11.74;4.40;5.92;4.87;2.85;0.00;0.00;0.00;0.03;0.04;0.04;3.15;7.79;0.86;22.25;17.91;10.70;4.50;0.79;0.66;0.18;0.40;14.72;4.12;3.12;8.99;2.64;0.00;0.00;0.50;0.60;0.00;11.69;0.36;0.72;32.16;0.44;4.57;1.69;3.89;0.03;0.09;0.14;0.26;0.53;0.03;
081020;13:41:55;2.82;17.63;11.72;4.39;5.91;4.87;2.85;0.00;0.00;0.00;0.03;0.04;0.04;3.18;7.81;0.87;22.35;17.95;10.78;4.52;0.80;0.66;0.18;0.40;14.96;4.15;3.23;9.08;2.65;0.00;0.00;0.50;0.60;0.00;11.84;0.38;0.76;32.34;0.46;4.13;1.55;3.59;0.05;0.16;0.28;0.42;0.81;0.06;
081020;13:41:58;2.85;17.86;11.84;4.45;5.98;4.91;2.88;0.00;0.00;0.00;0.04;0.04;0.04;3.56;7.99;1.03;23.43;18.42;11.63;4.67;0.81;0.69;0.19;0.40;16.65;4.34;4.05;9.70;2.77;0.00;0.01;0.51;0.60;0.00;11.38;0.33;0.63;31.82;0.42;4.48;1.66;3.83;0.03;0.10;0.16;0.28;0.56;0.03;
081020;13:42:00;2.84;17.79;11.81;4.43;5.96;4.90;2.87;0.00;0.00;0.00;0.04;0.04;0.04;3.54;7.99;1.02;23.38;18.40;11.59;4.64;0.81;0.69;0.19;0.40;16.66;4.34;4.06;9.70;2.77;0.00;0.01;0.50;0.60;0.00;9.32;0.15;0.25;29.33;0.26;3.26;1.27;2.97;0.01;0.05;0.06;0.14;0.31;0.01;
081020;13:42:02;2.79;17.36;11.58;4.33;5.83;4.81;2.82;0.00;0.00;0.00;0.03;0.04;0.04;2.84;7.62;0.73;21.28;17.48;9.96;4.34;0.78;0.62;0.18;0.39;13.69;4.00;2.68;8.59;2.56;0.00;0.00;0.50;0.59;0.00;9.01;0.13;0.21;28.93;0.24;3.85;1.46;3.38;0.02;0.06;0.08;0.18;0.38;0.02;
081020;13:42:05;2.78;17.27;11.54;4.31;5.80;4.80;2.81;0.00;0.00;0.00;0.03;0.04;0.04;2.71;7.55;0.69;20.89;17.30;9.67;4.26;0.77;0.60;0.17;0.38;12.80;3.89;2.32;8.24;2.50;0.00;0.00;0.49;0.59;0.00;11.95;0.40;0.80;32.46;0.47;3.96;1.49;3.46;0.03;0.12;0.20;0.33;0.65;0.04;
081020;13:42:07;2.77;17.22;11.51;4.30;5.79;4.79;2.80;0.00;0.00;0.00;0.03;0.04;0.04;2.69;7.54;0.68;20.81;17.27;9.61;4.25;0.77;0.60;0.17;0.38;12.81;3.89;2.33;8.25;2.50;0.00;0.00;0.49;0.59;0.00;13.46;0.64;1.39;34.07;0.62;4.53;1.68;3.86;0.03;0.10;0.15;0.27;0.55;0.03;
081020;13:42:09;2.78;17.24;11.52;4.31;5.80;4.79;2.81;0.00;0.00;0.00;0.03;0.04;0.04;2.69;7.53;0.68;20.80;17.26;9.60;4.21;0.77;0.59;0.17;0.38;12.63;3.87;2.26;8.18;2.48;0.00;0.00;0.49;0.59;0.00;10.45;0.23;0.42;30.73;0.34;3.82;1.45;3.37;0.03;0.10;0.15;0.27;0.55;0.03;
081020;13:42:12;2.78;17.29;11.54;4.32;5.81;4.80;2.81;0.00;0.00;0.00;0.03;0.04;0.04;2.69;7.53;0.68;20.79;17.26;9.60;4.23;0.77;0.59;0.17;0.38;12.78;3.89;2.31;8.24;2.49;0.00;0.00;0.49;0.59;0.00;8.57;0.10;0.17;28.35;0.21;3.31;1.28;3.00;0.01;0.03;0.04;0.10;0.23;0.01;
081020;13:42:14;2.78;17.29;11.55;4.32;5.81;4.80;2.81;0.00;0.00;0.00;0.03;0.04;0.04;2.68;7.53;0.68;20.79;17.26;9.60;4.19;0.76;0.59;0.17;0.38;12.63;3.87;2.26;8.17;2.48;0.00;0.00;0.49;0.59;0.00;9.32;0.15;0.25;29.33;0.26;3.89;1.47;3.42;0.01;0.04;0.05;0.13;0.29;0.01;
081020;13:42:16;2.77;17.22;11.51;4.30;5.79;4.79;2.80;0.00;0.00;0.00;0.03;0.04;0.04;2.68;7.53;0.68;20.79;17.26;9.60;4.20;0.76;0.59;0.17;0.38;12.60;3.87;2.25;8.16;2.48;0.00;0.00;0.49;0.59;0.00;11.67;0.36;0.71;32.14;0.44;3.49;1.34;3.13;0.01;0.05;0.07;0.15;0.33;0.02;
081020;13:42:18;2.78;17.28;11.54;4.32;5.81;4.80;2.81;0.00;0.00;0.00;0.03;0.04;0.04;2.68;7.53;0.68;20.79;17.26;9.60;4.22;0.77;0.59;0.17;0.38;12.68;3.88;2.28;8.20;2.49;0.00;0.00;0.49;0.59;0.00;12.12;0.42;0.85;32.65;0.48;4.80;1.76;4.04;0.02;0.09;0.13;0.24;0.50;0.03;
081020;13:42:21;2.77;17.22;11.51;4.30;5.79;4.79;2.80;0.00;0.00;0.00;0.03;0.04;0.04;2.68;7.53;0.68;20.79;17.26;9.60;4.20;0.76;0.59;0.17;0.38;12.88;3.90;2.35;8.28;2.50;0.00;0.00;0.49;0.59;0.00;12.84;0.53;1.12;33.42;0.56;4.37;1.63;3.75;0.02;0.09;0.13;0.24;0.50;0.03;
081020;13:42:23;2.79;17.39;11.60;4.34;5.84;4.82;2.82;0.00;0.00;0.00;0.03;0.04;0.04;2.68;7.53;0.68;20.79;17.26;9.60;4.20;0.76;0.59;0.17;0.38;12.92;3.91;2.37;8.29;2.51;0.00;0.00;0.49;0.59;0.00;10.55;0.24;0.44;30.84;0.35;3.56;1.37;3.18;0.01;0.04;0.04;0.11;0.25;0.01;
081020;13:42:25;2.79;17.35;11.58;4.33;5.83;4.81;2.82;0.00;0.00;0.00;0.03;0.04;0.04;2.68;7.53;0.68;20.79;17.26;9.60;4.21;0.77;0.59;0.17;0.38;13.11;3.93;2.44;8.37;2.52;0.00;0.00;0.49;0.59;0.00;8.26;0.09;0.14;27.92;0.20;3.08;1.21;2.83;0.01;0.04;0.05;0.13;0.29;0.01;
081020;13:42:28;2.79;17.34;11.57;4.33;5.83;4.81;2.82;0.00;0.00;0.00;0.03;0.04;0.04;2.68;7.53;0.68;20.79;17.26;9.60;4.19;0.76;0.59;0.17;0.38;13.06;3.93;2.42;8.35;2.52;0.00;0.00;0.49;0.59;0.00;8.69;0.11;0.18;28.50;0.22;3.22;1.26;2.94;0.01;0.04;0.04;0.11;0.26;0.01;
081020;13:42:30;2.79;17.34;11.57;4.33;5.83;4.81;2.82;0.00;0.00;0.00;0.03;0.04;0.04;2.68;7.53;0.68;20.79;17.26;9.60;4.18;0.76;0.59;0.17;0.38;13.05;3.92;2.42;8.34;2.52;0.00;0.00;0.49;0.59;0.00;10.75;0.26;0.48;31.08;0.36;3.67;1.40;3.26;0.01;0.03;0.04;0.10;0.23;0.01;
081020;13:42:32;2.80;17.42;11.61;4.35;5.85;4.83;2.83;0.00;0.00;0.00;0.03;0.04;0.04;2.73;7.56;0.69;20.96;17.33;9.72;4.26;0.77;0.60;0.17;0.38;13.23;3.95;2.49;8.41;2.53;0.00;0.00;0.49;0.59;0.00;13.84;0.72;1.59;34.46;0.66;4.35;1.62;3.74;0.01;0.03;0.04;0.10;0.24;0.01;
081020;13:42:35;2.82;17.62;11.72;4.39;5.91;4.87;2.85;0.00;0.00;0.00;0.04;0.04;0.04;2.90;7.66;0.76;21.48;17.57;10.12;4.47;0.79;0.65;0.18;0.39;13.84;4.02;2.74;8.65;2.57;0.00;0.00;0.50;0.59;0.00;13.90;0.73;1.63;34.52;0.67;4.69;1.73;3.97;0.06;0.21;0.40;0.55;1.02;0.08;
081020;13:42:37;2.83;17.70;11.76;4.41;5.93;4.88;2.86;0.00;0.00;0.00;0.04;0.04;0.04;2.99;7.71;0.79;21.76;17.69;10.33;4.60;0.80;0.68;0.18;0.40;14.17;4.06;2.88;8.78;2.60;0.00;0.00;0.50;0.59;0.00;14.03;0.76;1.70;34.65;0.68;4.30;1.60;3.70;0.05;0.17;0.30;0.44;0.84;0.06;
081020;13:42:39;2.90;18.35;12.10;4.55;6.13;5.01;2.94;0.00;0.00;0.00;0.04;0.04;0.05;3.68;8.05;1.08;23.76;18.56;11.89;5.08;0.85;0.79;0.20;0.42;17.27;4.41;4.38;9.92;2.81;0.00;0.01;0.51;0.60;0.00;10.40;0.23;0.41;30.66;0.34;3.61;1.38;3.21;0.01;0.05;0.06;0.14;0.32;0.02;
081020;13:42:42;2.90;18.32;12.08;4.55;6.12;5.00;2.93;0.00;0.00;0.00;0.04;0.04;0.05;3.60;8.01;1.04;23.54;18.47;11.71;5.15;0.86;0.81;0.20;0.43;17.26;4.41;4.37;9.91;2.81;0.00;0.01;0.51;0.60;0.00;9.32;0.15;0.25;29.33;0.26;3.40;1.31;3.06;0.02;0.06;0.08;0.18;0.38;0.02;
081020;13:42:44;2.88;18.19;12.02;4.52;6.08;4.98;2.92;0.00;0.00;0.00;0.04;0.04;0.05;3.27;7.85;0.90;22.60;18.06;10.97;5.10;0.85;0.80;0.20;0.42;15.66;4.23;3.56;9.34;2.70;0.00;0.01;0.50;0.60;0.00;12.36;0.46;0.93;32.90;0.51;3.68;1.40;3.26;0.02;0.07;0.11;0.21;0.45;0.03;
081020;13:42:46;2.88;18.17;12.00;4.52;6.07;4.97;2.91;0.00;0.00;0.00;0.04;0.04;0.05;3.20;7.82;0.88;22.41;17.98;10.83;5.17;0.86;0.81;0.21;0.43;15.36;4.20;3.41;9.22;2.68;0.00;0.01;0.50;0.60;0.00;14.11;0.78;1.74;34.73;0.69;4.01;1.51;3.50;0.02;0.06;0.08;0.17;0.36;0.02;
081020;13:42:49;2.89;18.20;12.02;4.52;6.08;4.98;2.92;0.00;0.00;0.00;0.04;0.04;0.05;3.13;7.78;0.85;22.20;17.89;10.67;5.26;0.87;0.84;0.21;0.43;15.09;4.17;3.29;9.12;2.66;0.00;0.00;0.50;0.59;0.00;13.58;0.67;1.46;34.19;0.63;3.98;1.50;3.48;0.02;0.07;0.11;0.21;0.44;0.02;
081020;13:42:51;2.90;18.33;12.09;4.55;6.12;5.01;2.93;0.00;0.00;0.00;0.04;0.04;0.05;3.18;7.81;0.87;22.34;17.95;10.77;5.36;0.88;0.86;0.21;0.44;15.03;4.16;3.26;9.10;2.66;0.00;0.00;0.50;0.60;0.00;12.22;0.44;0.89;32.76;0.49;5.26;1.91;4.36;0.02;0.08;0.12;0.22;0.47;0.03;
081020;13:42:53;2.91;18.40;12.12;4.57;6.14;5.02;2.94;0.00;0.00;0.00;0.04;0.04;0.05;3.16;7.80;0.86;22.27;17.92;10.72;5.47;0.89;0.89;0.22;0.44;15.02;4.16;3.26;9.10;2.66;0.00;0.00;0.50;0.59;0.00;9.87;0.18;0.32;30.03;0.30;3.59;1.38;3.21;0.02;0.06;0.08;0.16;0.36;0.02;
081020;13:42:55;2.91;18.41;12.13;4.57;6.14;5.02;2.94;0.00;0.00;0.00;0.04;0.04;0.05;3.04;7.73;0.81;21.92;17.76;10.45;5.51;0.89;0.90;0.22;0.44;14.50;4.10;3.03;8.90;2.62;0.00;0.00;0.50;0.59;0.00;11.44;0.33;0.65;31.89;0.42;3.79;1.44;3.34;0.02;0.06;0.08;0.18;0.38;0.02;
081020;13:42:58;2.93;18.57;12.21;4.61;6.19;5.05;2.96;0.00;0.00;0.00;0.04;0.04;0.05;3.16;7.80;0.86;22.28;17.92;10.72;5.67;0.90;0.94;0.22;0.45;14.91;4.15;3.21;9.06;2.65;0.00;0.00;0.50;0.59;0.00;12.90;0.54;1.14;33.48;0.56;4.73;1.74;4.00;0.03;0.10;0.16;0.28;0.57;0.03;
081020;13:43:00;2.94;18.65;12.25;4.62;6.21;5.07;2.97;0.00;0.00;0.00;0.04;0.04;0.05;3.21;7.82;0.88;22.44;17.99;10.85;5.79;0.91;0.97;0.23;0.45;15.00;4.16;3.25;9.09;2.66;0.00;0.00;0.50;0.60;0.00;13.80;0.71;1.57;34.42;0.66;5.27;1.91;4.36;0.02;0.09;0.13;0.24;0.50;0.03;
081020;13:43:02;2.94;18.66;12.26;4.63;6.22;5.07;2.97;0.00;0.00;0.00;0.04;0.04;0.05;3.22;7.83;0.89;22.47;18.01;10.87;5.87;0.92;0.99;0.23;0.46;15.01;4.16;3.26;9.10;2.66;0.00;0.00;0.50;0.60;0.00;9.73;0.17;0.30;29.85;0.29;3.95;1.49;3.46;0.01;0.05;0.07;0.15;0.34;0.02;
081020;13:43:05;2.94;18.67;12.26;4.63;6.22;5.07;2.97;0.00;0.00;0.00;0.04;0.04;0.05;3.20;7.82;0.88;22.39;17.97;10.81;5.92;0.93;1.00;0.23;0.46;14.50;4.10;3.03;8.90;2.62;0.00;0.00;0.50;0.59;0.00;14.01;0.76;1.69;34.63;0.68;4.45;1.65;3.81;0.01;0.03;0.04;0.11;0.25;0.01;
081020;13:43:07;2.95;18.79;12.32;4.65;6.26;5.09;2.99;0.00;0.00;0.00;0.04;0.05;0.05;3.22;7.83;0.89;22.46;18.00;10.86;6.03;0.94;1.03;0.24;0.46;14.91;4.15;3.21;9.06;2.65;0.00;0.00;0.50;0.60;0.00;11.06;0.29;0.55;31.45;0.39;3.32;1.29;3.00;0.01;0.04;0.05;0.12;0.26;0.01;
081020;13:43:09;2.97;18.94;12.40;4.69;6.30;5.12;3.00;0.00;0.00;0.00;0.05;0.05;0.05;3.41;7.92;0.96;23.00;18.24;11.29;6.20;0.95;1.08;0.24;0.47;15.53;4.22;3.50;9.29;2.69;0.00;0.01;0.50;0.60;0.00;9.40;0.15;0.26;29.43;0.27;3.47;1.34;3.12;0.01;0.03;0.03;0.09;0.20;0.01;
081020;13:43:12;3.06;19.73;12.81;4.86;6.54;5.28;3.10;0.00;0.00;0.00;0.05;0.05;0.06;4.65;8.46;1.53;26.25;19.60;13.95;6.89;1.01;1.27;0.27;0.50;20.79;4.76;6.48;11.12;3.02;0.00;0.01;0.51;0.61;0.00;9.51;0.16;0.27;29.57;0.27;3.64;1.39;3.24;0.01;0.05;0.06;0.14;0.32;0.02;
081020;13:43:14;3.02;19.38;12.63;4.78;6.43;5.21;3.05;0.00;0.00;0.00;0.05;0.05;0.05;4.17;8.27;1.30;25.05;19.11;12.95;6.69;0.99;1.21;0.26;0.49;18.79;4.56;5.23;10.45;2.90;0.00;0.01;0.51;0.61;0.00;10.97;0.28;0.53;31.34;0.38;3.55;1.36;3.17;0.02;0.06;0.09;0.18;0.39;0.02;
081020;13:43:16;2.98;19.01;12.44;4.70;6.32;5.14;3.01;0.00;0.00;0.00;0.05;0.05;0.05;3.52;7.98;1.01;23.33;18.38;11.55;6.37;0.96;1.12;0.25;0.48;15.59;4.22;3.52;9.31;2.70;0.00;0.01;0.50;0.60;0.00;8.64;0.11;0.17;28.43;0.22;4.16;1.56;3.61;0.02;0.08;0.13;0.24;0.49;0.03;
081020;13:43:19;2.97;18.98;12.42;4.70;6.31;5.13;3.01;0.00;0.00;0.00;0.05;0.05;0.05;3.57;8.00;1.03;23.45;18.43;11.64;6.48;0.97;1.16;0.25;0.48;15.78;4.25;3.62;9.38;2.71;0.00;0.01;0.50;0.60;0.00;10.59;0.25;0.45;30.90;0.35;4.10;1.54;3.57;0.01;0.05;0.06;0.14;0.31;0.01;
081020;13:43:21;3.02;19.36;12.62;4.78;6.42;5.20;3.05;0.00;0.00;0.00;0.05;0.05;0.05;3.88;8.14;1.17;24.31;18.80;12.33;6.77;1.00;1.24;0.26;0.49;17.18;4.40;4.33;9.89;2.80;0.00;0.01;0.51;0.60;0.00;10.67;0.25;0.47;31.00;0.36;3.20;1.25;2.92;0.01;0.05;0.06;0.15;0.32;0.02;
081020;13:43:23;3.08;19.91;12.90;4.90;6.59;5.31;3.12;0.00;0.00;0.00;0.06;0.05;0.06;4.78;8.51;1.59;26.54;19.72;14.20;7.28;1.04;1.38;0.28;0.51;20.96;4.78;6.60;11.18;3.03;0.00;0.01;0.52;0.61;0.00;11.42;0.33;0.64;31.87;0.42;3.77;1.44;3.33;0.00;0.02;0.02;0.06;0.15;0.01;
081020;13:43:26;3.04;19.54;12.71;4.82;6.48;5.24;3.07;0.00;0.00;0.00;0.05;0.05;0.06;4.11;8.24;1.27;24.92;19.05;12.83;6.99;1.02;1.30;0.27;0.50;18.05;4.49;4.81;10.19;2.86;0.00;0.01;0.51;0.60;0.00;12.63;0.50;1.03;33.20;0.53;2.87;1.14;2.68;0.01;0.02;0.02;0.07;0.16;0.01;
081020;13:43:28;3.03;19.47;12.67;4.81;6.46;5.22;3.07;0.00;0.00;0.00;0.05;0.05;0.05;4.03;8.21;1.23;24.70;18.96;12.65;6.94;1.01;1.28;0.27;0.50;17.41;4.42;4.45;9.97;2.82;0.00;0.01;0.51;0.60;0.00;13.48;0.65;1.41;34.09;0.62;3.68;1.40;3.26;0.01;0.02;0.03;0.07;0.18;0.01;
081020;13:43:30;3.03;19.45;12.67;4.80;6.45;5.22;3.06;0.00;0.00;0.00;0.05;0.05;0.06;4.05;8.22;1.24;24.75;18.98;12.70;7.05;1.02;1.32;0.27;0.51;17.64;4.45;4.58;10.05;2.83;0.00;0.01;0.51;0.60;0.00;8.12;0.08;0.13;27.73;0.19;3.69;1.41;3.27;0.01;0.04;0.05;0.13;0.28;0.01;
081020;13:43:32;3.09;20.02;12.95;4.93;6.62;5.33;3.13;0.00;0.00;0.00;0.06;0.05;0.06;4.95;8.57;1.68;26.95;19.89;14.56;7.59;1.06;1.48;0.29;0.53;21.37;4.81;6.87;11.31;3.05;0.00;0.01;0.52;0.61;0.00;8.87;0.12;0.20;28.74;0.23;3.89;1.48;3.42;0.02;0.08;0.11;0.22;0.46;0.03;
081020;13:43:35;3.04;19.61;12.74;4.84;6.50;5.25;3.08;0.00;0.00;0.00;0.05;0.05;0.06;4.18;8.27;1.30;25.09;19.12;12.98;7.25;1.04;1.38;0.28;0.51;17.87;4.47;4.71;10.13;2.85;0.00;0.01;0.51;0.60;0.00;15.89;1.25;3.06;36.46;0.92;5.02;1.83;4.19;0.01;0.02;0.03;0.08;0.18;0.01;
081020;13:43:37;3.06;19.78;12.83;4.88;6.55;5.29;3.10;0.00;0.00;0.00;0.05;0.05;0.06;4.23;8.29;1.33;25.22;19.18;13.08;7.31;1.04;1.39;0.28;0.52;18.35;4.52;4.98;10.30;2.88;0.00;0.01;0.51;0.61;0.00;9.82;0.18;0.32;29.96;0.29;3.68;1.40;3.26;0.01;0.03;0.04;0.10;0.22;0.01;
081020;13:43:39;3.12;20.26;13.08;4.98;6.69;5.38;3.16;0.00;0.00;0.00;0.06;0.06;0.06;5.27;8.69;1.84;27.68;20.18;15.20;7.91;1.09;1.57;0.30;0.54;22.42;4.91;7.60;11.65;3.11;0.00;0.01;0.52;0.62;0.00;8.66;0.11;0.17;28.46;0.22;3.61;1.38;3.22;0.02;0.07;0.10;0.19;0.41;0.02;
081020;13:43:42;3.12;20.27;13.08;4.98;6.69;5.38;3.16;0.00;0.00;0.00;0.06;0.06;0.06;5.37;8.72;1.89;27.89;20.26;15.37;7.96;1.09;1.59;0.30;0.54;22.74;4.94;7.83;11.75;3.13;0.00;0.01;0.52;0.62;0.00;10.87;0.27;0.51;31.23;0.37;4.35;1.62;3.74;0.02;0.06;0.08;0.17;0.37;0.02;
081020;13:43:44;3.12;20.27;13.08;4.98;6.69;5.38;3.16;0.00;0.00;0.00;0.06;0.06;0.06;5.38;8.72;1.90;27.93;20.28;15.41;7.99;1.09;1.60;0.30;0.54;22.80;4.94;7.88;11.77;3.13;0.00;0.01;0.52;0.62;0.00;8.10;0.08;0.13;27.69;0.19;3.57;1.37;3.19;0.03;0.09;0.14;0.25;0.52;0.03;
081020;13:43:46;3.09;20.05;12.97;4.93;6.63;5.34;3.13;0.00;0.00;0.00;0.06;0.05;0.06;4.83;8.53;1.62;26.67;19.77;14.32;7.81;1.08;1.54;0.30;0.53;20.21;4.70;6.10;10.93;2.99;0.00;0.01;0.51;0.61;0.00;11.76;0.37;0.74;32.25;0.45;3.61;1.38;3.22;0.01;0.02;0.02;0.07;0.18;0.01;
081020;13:43:49;3.09;20.05;12.97;4.93;6.63;5.34;3.13;0.00;0.00;0.00;0.06;0.05;0.06;4.81;8.52;1.61;26.63;19.76;14.28;7.84;1.08;1.55;0.30;0.53;20.13;4.70;6.06;10.90;2.98;0.00;0.01;0.51;0.61;0.00;8.86;0.12;0.19;28.73;0.23;3.75;1.43;3.32;0.01;0.04;0.05;0.12;0.28;0.01;
081020;13:43:51;3.14;20.45;13.17;5.02;6.75;5.41;3.18;0.00;0.00;0.00;0.06;0.06;0.06;5.41;8.73;1.91;27.99;20.30;15.47;8.22;1.11;1.67;0.31;0.55;22.55;4.92;7.69;11.69;3.12;0.00;0.01;0.52;0.62;0.00;9.18;0.14;0.23;29.15;0.25;3.17;1.24;2.90;0.01;0.02;0.02;0.07;0.16;0.01;
081020;13:43:53;3.12;20.31;13.10;4.99;6.70;5.38;3.16;0.00;0.00;0.00;0.06;0.06;0.06;5.54;8.78;1.98;28.27;20.41;15.72;8.32;1.12;1.70;0.32;0.55;22.76;4.94;7.85;11.76;3.13;0.00;0.01;0.52;0.62;0.00;9.17;0.14;0.23;29.13;0.25;3.47;1.34;3.12;0.01;0.05;0.06;0.14;0.30;0.01;
081020;13:43:56;3.13;20.42;13.15;5.02;6.74;5.40;3.17;0.00;0.00;0.00;0.06;0.06;0.06;5.32;8.70;1.86;27.79;20.22;15.29;8.31;1.12;1.70;0.32;0.55;22.05;4.88;7.34;11.54;3.09;0.00;0.01;0.52;0.62;0.00;11.27;0.31;0.60;31.69;0.41;4.22;1.58;3.65;0.01;0.02;0.03;0.08;0.19;0.01;
081020;13:43:58;3.09;20.03;12.96;4.93;6.62;5.33;3.13;0.00;0.00;0.00;0.06;0.05;0.06;4.48;8.39;1.44;25.83;19.43;13.60;7.89;1.09;1.57;0.30;0.54;18.49;4.53;5.06;10.34;2.88;0.00;0.01;0.51;0.61;0.00;10.63;0.25;0.46;30.95;0.36;3.94;1.49;3.45;0.01;0.04;0.05;0.12;0.28;0.01;
081020;13:44:00;3.07;19.87;12.88;4.89;6.58;5.30;3.11;0.00;0.00;0.00;0.06;0.05;0.06;4.25;8.30;1.34;25.27;19.20;13.12;7.79;1.08;1.54;0.30;0.53;17.37;4.42;4.43;9.95;2.82;0.00;0.01;0.51;0.60;0.00;11.63;0.36;0.70;32.10;0.44;5.54;1.99;4.54;0.02;0.08;0.11;0.21;0.45;0.03;
081020;13:44:03;3.07;19.88;12.88;4.90;6.58;5.30;3.11;0.00;0.00;0.00;0.05;0.05;0.06;4.09;8.23;1.26;24.86;19.03;12.79;7.79;1.08;1.54;0.30;0.53;16.92;4.37;4.19;9.79;2.79;0.00;0.01;0.50;0.60;0.00;8.42;0.10;0.15;28.13;0.20;3.99;1.51;3.48;0.02;0.07;0.09;0.19;0.41;0.02;
081020;13:44:05;3.07;19.84;12.86;4.89;6.57;5.30;3.11;0.00;0.00;0.00;0.05;0.05;0.06;4.03;8.21;1.23;24.69;18.96;12.65;7.79;1.08;1.54;0.30;0.53;16.15;4.29;3.80;9.52;2.74;0.00;0.01;0.50;0.60;0.00;10.28;0.22;0.39;30.52;0.33;3.38;1.31;3.05;0.02;0.07;0.10;0.20;0.43;0.02;
081020;13:44:07;3.08;19.92;12.90;4.91;6.59;5.31;3.12;0.00;0.00;0.00;0.05;0.05;0.06;4.01;8.20;1.23;24.65;18.94;12.62;7.89;1.09;1.57;0.30;0.54;15.89;4.26;3.67;9.42;2.72;0.00;0.01;0.50;0.60;0.00;10.19;0.21;0.38;30.42;0.32;4.38;1.63;3.76;0.01;0.05;0.06;0.15;0.32;0.02;
081020;13:44:09;3.08;19.94;12.91;4.91;6.59;5.31;3.12;0.00;0.00;0.00;0.05;0.05;0.06;3.94;8.17;1.19;24.46;18.86;12.46;7.91;1.09;1.57;0.30;0.54;15.73;4.24;3.59;9.36;2.71;0.00;0.01;0.50;0.60;0.00;10.61;0.25;0.45;30.92;0.35;3.73;1.42;3.31;0.02;0.08;0.12;0.23;0.47;0.03;
081020;13:44:12;3.09;19.98;12.94;4.92;6.61;5.32;3.12;0.00;0.00;0.00;0.05;0.05;0.06;3.92;8.16;1.19;24.42;18.84;12.42;7.91;1.09;1.58;0.30;0.54;15.37;4.20;3.42;9.23;2.68;0.00;0.01;0.50;0.60;0.00;11.89;0.39;0.78;32.39;0.46;4.25;1.59;3.67;0.01;0.03;0.04;0.09;0.22;0.01;
081020;13:44:14;3.08;19.90;12.90;4.90;6.59;5.31;3.11;0.00;0.00;0.00;0.05;0.05;0.06;3.99;8.19;1.22;24.60;18.92;12.57;7.98;1.09;1.60;0.30;0.54;15.41;4.20;3.44;9.24;2.69;0.00;0.01;0.50;0.60;0.00;9.32;0.15;0.25;29.32;0.26;3.59;1.38;3.20;0.01;0.05;0.06;0.14;0.31;0.02;
081020;13:44:16;3.08;19.93;12.91;4.91;6.59;5.31;3.12;0.00;0.00;0.00;0.05;0.05;0.06;4.01;8.20;1.22;24.64;18.94;12.60;8.05;1.10;1.62;0.31;0.54;15.52;4.22;3.49;9.29;2.69;0.00;0.01;0.50;0.60;0.00;11.95;0.40;0.80;32.46;0.47;3.40;1.32;3.07;0.01;0.04;0.05;0.12;0.26;0.01;
081020;13:44:19;3.08;19.94;12.91;4.91;6.60;5.31;3.12;0.00;0.00;0.00;0.05;0.05;0.06;4.01;8.20;1.22;24.64;18.94;12.61;8.06;1.10;1.62;0.31;0.54;15.44;4.21;3.45;9.25;2.69;0.00;0.01;0.50;0.60;0.00;10.31;0.22;0.40;30.56;0.33;3.58;1.37;3.19;0.03;0.10;0.16;0.29;0.58;0.04;
081020;13:44:21;3.08;19.90;12.89;4.90;6.58;5.31;3.11;0.00;0.00;0.00;0.05;0.05;0.06;4.01;8.20;1.23;24.65;18.94;12.61;8.11;1.10;1.64;0.31;0.54;15.10;4.17;3.30;9.13;2.66;0.00;0.01;0.50;0.60;0.00;12.23;0.44;0.89;32.76;0.49;4.58;1.69;3.90;0.03;0.10;0.17;0.29;0.58;0.04;
081020;13:44:23;3.07;19.80;12.84;4.88;6.55;5.29;3.10;0.00;0.00;0.00;0.05;0.05;0.06;4.01;8.20;1.23;24.65;18.94;12.61;8.15;1.11;1.65;0.31;0.55;15.14;4.17;3.31;9.14;2.67;0.00;0.01;0.50;0.60;0.00;11.94;0.40;0.79;32.44;0.47;5.14;1.87;4.28;0.03;0.11;0.18;0.31;0.61;0.04;
081020;13:44:26;3.08;19.96;12.92;4.91;6.60;5.32;3.12;0.00;0.00;0.00;0.05;0.05;0.06;4.01;8.20;1.23;24.65;18.94;12.61;8.18;1.11;1.66;0.31;0.55;15.25;4.19;3.37;9.19;2.67;0.00;0.01;0.50;0.60;0.00;9.81;0.18;0.31;29.95;0.29;3.92;1.48;3.44;0.03;0.10;0.16;0.28;0.56;0.03;
081020;13:44:28;3.09;19.99;12.94;4.92;6.61;5.32;3.12;0.00;0.00;0.00;0.05;0.05;0.06;4.01;8.20;1.23;24.65;18.94;12.61;8.21;1.11;1.67;0.31;0.55;15.07;4.16;3.28;9.12;2.66;0.00;0.01;0.50;0.60;0.00;14.70;0.92;2.12;35.32;0.76;4.74;1.74;4.00;0.04;0.15;0.26;0.40;0.77;0.05;
081020;13:44:30;3.09;19.99;12.94;4.92;6.61;5.32;3.13;0.00;0.00;0.00;0.05;0.05;0.06;4.01;8.20;1.23;24.65;18.94;12.61;8.24;1.11;1.68;0.31;0.55;15.03;4.16;3.26;9.10;2.66;0.00;0.01;0.50;0.60;0.00;9.70;0.17;0.30;29.80;0.29;3.25;1.26;2.96;0.01;0.05;0.06;0.14;0.30;0.01;
081020;13:44:33;3.08;19.95;12.92;4.91;6.60;5.32;3.12;0.00;0.00;0.00;0.05;0.05;0.06;4.01;8.20;1.23;24.65;18.94;12.61;8.20;1.11;1.66;0.31;0.55;15.02;4.16;3.26;9.10;2.66;0.00;0.01;0.50;0.60;0.00;11.28;0.32;0.61;31.70;0.41;4.73;1.74;4.00;0.02;0.08;0.12;0.23;0.47;0.03;
081020;13:44:35;3.07;19.85;12.87;4.89;6.57;5.30;3.11;0.00;0.00;0.00;0.05;0.05;0.05;4.01;8.20;1.23;24.65;18.94;12.61;8.09;1.10;1.63;0.31;0.54;14.91;4.15;3.21;9.06;2.65;0.00;0.01;0.50;0.60;0.00;12.65;0.50;1.04;33.21;0.54;3.82;1.45;3.36;0.01;0.05;0.06;0.14;0.31;0.01;
081020;13:44:37;3.06;19.75;12.82;4.87;6.54;5.28;3.10;0.00;0.00;0.00;0.05;0.05;0.05;4.01;8.20;1.23;24.65;18.94;12.61;7.97;1.09;1.59;0.30;0.54;14.79;4.13;3.15;9.01;2.64;0.00;0.01;0.50;0.60;0.00;10.05;0.20;0.35;30.24;0.31;3.96;1.50;3.47;0.05;0.17;0.29;0.43;0.83;0.06;
081020;13:44:40;3.07;19.81;12.85;4.88;6.56;5.29;3.10;0.00;0.00;0.00;0.05;0.05;0.05;4.01;8.20;1.23;24.65;18.94;12.61;7.88;1.09;1.56;0.30;0.54;14.56;4.11;3.05;8.93;2.63;0.00;0.01;0.50;0.60;0.00;9.50;0.16;0.27;29.56;0.27;3.15;1.23;2.88;0.02;0.06;0.08;0.16;0.36;0.02;
081020;13:44:42;3.06;19.74;12.81;4.87;6.54;5.28;3.10;0.00;0.00;0.00;0.05;0.05;0.05;4.01;8.20;1.23;24.65;18.94;12.61;7.79;1.08;1.54;0.30;0.53;14.41;4.09;2.99;8.87;2.62;0.00;0.01;0.50;0.60;0.00;10.89;0.27;0.51;31.25;0.38;4.65;1.72;3.94;0.04;0.14;0.23;0.37;0.72;0.05;
081020;13:44:44;3.05;19.68;12.78;4.85;6.52;5.27;3.09;0.00;0.00;0.00;0.05;0.05;0.05;3.90;8.15;1.18;24.36;18.82;12.38;7.65;1.07;1.50;0.29;0.53;14.38;4.09;2.97;8.86;2.61;0.00;0.00;0.50;0.60;0.00;9.58;0.16;0.28;29.66;0.28;3.71;1.42;3.29;0.01;0.04;0.05;0.12;0.26;0.01;
081020;13:44:46;3.05;19.67;12.78;4.85;6.52;5.26;3.09;0.00;0.00;0.00;0.05;0.05;0.05;3.81;8.11;1.14;24.12;18.72;12.18;7.53;1.06;1.46;0.29;0.52;14.38;4.08;2.97;8.86;2.61;0.00;0.00;0.50;0.60;0.00;12.26;0.44;0.90;32.80;0.50;4.21;1.58;3.64;0.03;0.11;0.18;0.31;0.61;0.04;
081020;13:44:49;3.04;19.54;12.71;4.82;6.48;5.24;3.07;0.00;0.00;0.00;0.05;0.05;0.05;3.79;8.10;1.13;24.07;18.70;12.14;7.44;1.05;1.43;0.29;0.52;14.17;4.06;2.88;8.78;2.60;0.00;0.00;0.50;0.60;0.00;10.27;0.22;0.39;30.51;0.33;4.02;1.52;3.51;0.03;0.11;0.17;0.29;0.59;0.04;
081020;13:44:51;3.03;19.51;12.69;4.81;6.47;5.23;3.07;0.00;0.00;0.00;0.05;0.05;0.05;3.79;8.10;1.13;24.06;18.69;12.13;7.35;1.04;1.41;0.28;0.52;14.13;4.06;2.87;8.76;2.60;0.00;0.00;0.50;0.59;0.00;13.77;0.71;1.56;34.39;0.66;4.94;1.80;4.14;0.01;0.04;0.05;0.11;0.26;0.01;
081020;13:44:53;3.03;19.46;12.67;4.80;6.46;5.22;3.06;0.00;0.00;0.00;0.04;0.05;0.05;3.79;8.10;1.13;24.06;18.69;12.13;7.22;1.03;1.37;0.28;0.51;13.83;4.02;2.74;8.65;2.57;0.00;0.00;0.50;0.59;0.00;9.24;0.14;0.24;29.22;0.25;3.41;1.32;3.07;0.01;0.04;0.05;0.12;0.27;0.01;
081020;13:44:56;3.02;19.41;12.64;4.79;6.44;5.21;3.06;0.00;0.00;0.00;0.04;0.04;0.05;3.79;8.10;1.13;24.06;18.69;12.13;7.11;1.03;1.33;0.27;0.51;13.77;4.01;2.71;8.62;2.57;0.00;0.00;0.50;0.59;0.00;13.82;0.71;1.58;34.43;0.66;4.03;1.52;3.52;0.02;0.09;0.13;0.24;0.50;0.03;
081020;13:44:58;3.03;19.44;12.66;4.80;6.45;5.22;3.06;0.00;0.00;0.00;0.04;0.04;0.05;3.79;8.10;1.13;24.06;18.69;12.13;7.07;1.02;1.32;0.27;0.51;13.76;4.01;2.71;8.62;2.57;0.00;0.00;0.50;0.60;0.00;11.31;0.32;0.61;31.74;0.41;3.67;1.40;3.26;0.01;0.04;0.04;0.11;0.25;0.01;
081020;13:45:00;3.01;19.28;12.58;4.76;6.40;5.19;3.04;0.00;0.00;0.00;0.04;0.04;0.05;3.79;8.10;1.13;24.06;18.69;12.13;6.95;1.01;1.29;0.27;0.50;13.66;4.00;2.67;8.58;2.56;0.00;0.00;0.50;0.59;0.00;9.59;0.16;0.28;29.67;0.28;3.17;1.24;2.90;0.02;0.07;0.10;0.20;0.42;0.02;
081020;13:45:03;3.01;19.29;12.58;4.76;6.40;5.19;3.04;0.00;0.00;0.00;0.04;0.04;0.05;3.79;8.10;1.13;24.06;18.69;12.13;6.89;1.01;1.27;0.27;0.50;13.74;4.01;2.70;8.61;2.57;0.00;0.00;0.50;0.59;0.00;11.14;0.30;0.57;31.54;0.40;3.81;1.45;3.36;0.01;0.05;0.06;0.14;0.31;0.02;
081020;13:45:05;3.00;19.21;12.54;4.75;6.38;5.17;3.03;0.00;0.00;0.00;0.04;0.04;0.05;3.79;8.10;1.13;24.06;18.69;12.13;6.81;1.00;1.25;0.26;0.50;13.75;4.01;2.70;8.62;2.57;0.00;0.00;0.50;0.59;0.00;9.78;0.18;0.31;29.92;0.29;3.51;1.35;3.14;0.01;0.03;0.03;0.09;0.22;0.01;
081020;13:45:07;2.99;19.11;12.49;4.72;6.35;5.16;3.02;0.00;0.00;0.00;0.04;0.04;0.05;3.75;8.08;1.11;23.96;18.65;12.05;6.73;0.99;1.23;0.26;0.49;13.66;4.00;2.67;8.58;2.56;0.00;0.00;0.50;0.59;0.00;11.31;0.32;0.61;31.73;0.41;5.01;1.83;4.19;0.03;0.11;0.17;0.30;0.60;0.04;
081020;13:45:10;2.99;19.09;12.48;4.72;6.34;5.15;3.02;0.00;0.00;0.00;0.04;0.04;0.05;3.75;8.08;1.11;23.94;18.64;12.04;6.68;0.99;1.21;0.26;0.49;13.64;4.00;2.66;8.57;2.56;0.00;0.00;0.50;0.59;0.00;8.88;0.12;0.20;28.76;0.23;3.04;1.19;2.80;0.01;0.04;0.05;0.12;0.26;0.01;
081020;13:45:12;2.98;19.04;12.45;4.71;6.33;5.14;3.02;0.00;0.00;0.00;0.04;0.04;0.05;3.74;8.08;1.11;23.94;18.64;12.04;6.56;0.98;1.18;0.26;0.49;13.35;3.96;2.54;8.46;2.54;0.00;0.00;0.50;0.59;0.00;12.17;0.43;0.87;32.70;0.49;4.54;1.68;3.87;0.05;0.17;0.29;0.44;0.84;0.06;
081020;13:45:14;2.99;19.11;12.49;4.73;6.35;5.16;3.02;0.00;0.00;0.00;0.04;0.04;0.05;3.64;8.03;1.06;23.66;18.52;11.81;6.54;0.98;1.17;0.25;0.48;13.48;3.98;2.59;8.51;2.55;0.00;0.00;0.50;0.59;0.00;9.29;0.14;0.24;29.29;0.26;3.94;1.49;3.45;0.02;0.08;0.12;0.22;0.47;0.03;
081020;13:45:17;2.97;18.96;12.41;4.69;6.31;5.13;3.01;0.00;0.00;0.00;0.04;0.04;0.05;3.66;8.04;1.07;23.70;18.54;11.84;6.44;0.97;1.14;0.25;0.48;13.51;3.98;2.60;8.52;2.55;0.00;0.00;0.50;0.59;0.00;8.35;0.09;0.15;28.04;0.20;3.04;1.19;2.80;0.01;0.04;0.05;0.12;0.27;0.01;
081020;13:45:19;2.97;18.93;12.40;4.69;6.30;5.12;3.00;0.00;0.00;0.00;0.04;0.04;0.04;3.63;8.03;1.06;23.62;18.50;11.78;6.42;0.97;1.14;0.25;0.48;13.23;3.95;2.49;8.41;2.53;0.00;0.00;0.50;0.59;0.00;11.22;0.31;0.59;31.63;0.40;4.47;1.66;3.82;0.03;0.11;0.17;0.30;0.60;0.04;
081020;13:45:21;2.97;18.93;12.39;4.68;6.30;5.12;3.00;0.00;0.00;0.00;0.04;0.04;0.04;3.69;8.05;1.08;23.78;18.57;11.91;6.35;0.96;1.12;0.25;0.48;13.36;3.96;2.54;8.47;2.54;0.00;0.00;0.50;0.59;0.00;10.14;0.21;0.37;30.35;0.32;3.89;1.47;3.41;0.01;0.04;0.05;0.12;0.26;0.01;
081020;13:45:23;2.97;18.92;12.39;4.68;6.30;5.12;3.00;0.00;0.00;0.00;0.04;0.04;0.04;3.60;8.01;1.04;23.54;18.47;11.72;6.30;0.96;1.11;0.25;0.48;13.20;3.94;2.48;8.40;2.53;0.00;0.00;0.50;0.59;0.00;11.02;0.29;0.54;31.40;0.39;4.31;1.61;3.71;0.04;0.15;0.26;0.40;0.77;0.05;
081020;13:45:26;2.96;18.88;12.37;4.67;6.28;5.11;3.00;0.00;0.00;0.00;0.04;0.04;0.04;3.58;8.01;1.04;23.49;18.45;11.68;6.20;0.95;1.08;0.24;0.47;13.26;3.95;2.50;8.43;2.53;0.00;0.00;0.50;0.59;0.00;8.37;0.09;0.15;28.07;0.20;3.26;1.27;2.96;0.02;0.06;0.09;0.18;0.40;0.02;
081020;13:45:28;2.97;18.92;12.39;4.68;6.29;5.12;3.00;0.00;0.00;0.00;0.04;0.04;0.04;3.58;8.00;1.03;23.48;18.45;11.67;6.18;0.95;1.07;0.24;0.47;13.18;3.94;2.47;8.39;2.53;0.00;0.00;0.50;0.59;0.00;10.15;0.21;0.37;30.36;0.32;4.40;1.64;3.77;0.04;0.13;0.21;0.34;0.68;0.04;
081020;13:45:30;2.94;18.72;12.29;4.64;6.23;5.08;2.98;0.00;0.00;0.00;0.04;0.04;0.04;3.58;8.00;1.03;23.48;18.45;11.67;6.13;0.94;1.06;0.24;0.47;13.17;3.94;2.47;8.39;2.52;0.00;0.00;0.50;0.59;0.00;8.27;0.09;0.14;27.94;0.20;3.66;1.40;3.25;0.02;0.07;0.10;0.20;0.42;0.02;
081020;13:45:33;2.95;18.80;12.33;4.66;6.26;5.10;2.99;0.00;0.00;0.00;0.04;0.04;0.04;3.58;8.00;1.03;23.48;18.45;11.67;6.07;0.94;1.04;0.24;0.47;13.16;3.94;2.46;8.39;2.52;0.00;0.00;0.50;0.59;0.00;12.18;0.43;0.87;32.71;0.49;4.50;1.67;3.84;0.03;0.09;0.14;0.26;0.53;0.03;
081020;13:45:35;2.95;18.78;12.32;4.65;6.25;5.09;2.99;0.00;0.00;0.00;0.04;0.04;0.04;3.58;8.00;1.03;23.48;18.45;11.67;6.06;0.94;1.04;0.24;0.46;13.16;3.94;2.46;8.39;2.52;0.00;0.00;0.50;0.59;0.00;9.82;0.18;0.32;29.96;0.29;4.44;1.65;3.80;0.01;0.04;0.04;0.11;0.25;0.01;
081020;13:45:37;2.94;18.69;12.27;4.63;6.23;5.07;2.98;0.00;0.00;0.00;0.04;0.04;0.04;3.58;8.00;1.03;23.48;18.45;11.67;5.96;0.93;1.01;0.23;0.46;13.16;3.94;2.46;8.39;2.52;0.00;0.00;0.50;0.59;0.00;11.26;0.31;0.60;31.68;0.41;4.54;1.68;3.87;0.02;0.06;0.09;0.18;0.38;0.02;
081020;13:45:40;2.94;18.71;12.28;4.64;6.23;5.08;2.98;0.00;0.00;0.00;0.04;0.04;0.04;3.58;8.00;1.03;23.48;18.45;11.67;5.94;0.93;1.01;0.23;0.46;13.16;3.94;2.46;8.39;2.52;0.00;0.00;0.50;0.59;0.00;8.37;0.09;0.15;28.06;0.20;3.17;1.24;2.90;0.01;0.03;0.04;0.10;0.24;0.01;
081020;13:45:42;2.94;18.68;12.27;4.63;6.22;5.07;2.97;0.00;0.00;0.00;0.04;0.04;0.04;3.58;8.00;1.03;23.48;18.45;11.67;5.92;0.93;1.00;0.23;0.46;13.16;3.94;2.46;8.39;2.52;0.00;0.00;0.50;0.59;0.00;12.02;0.41;0.82;32.54;0.48;4.43;1.65;3.79;0.04;0.15;0.26;0.40;0.77;0.05;
081020;13:45:44;2.94;18.67;12.26;4.63;6.22;5.07;2.97;0.00;0.00;0.00;0.04;0.04;0.04;3.58;8.00;1.03;23.48;18.45;11.67;5.84;0.92;0.98;0.23;0.46;13.16;3.94;2.46;8.39;2.52;0.00;0.00;0.50;0.59;0.00;9.40;0.15;0.26;29.43;0.27;3.68;1.41;3.27;0.01;0.03;0.04;0.10;0.24;0.01;
081020;13:45:47;2.93;18.63;12.24;4.62;6.21;5.06;2.97;0.00;0.00;0.00;0.04;0.04;0.04;3.54;7.99;1.02;23.39;18.41;11.59;5.83;0.92;0.98;0.23;0.46;13.16;3.94;2.46;8.39;2.52;0.00;0.00;0.50;0.59;0.00;11.03;0.29;0.55;31.41;0.39;4.48;1.66;3.83;0.02;0.07;0.10;0.21;0.43;0.02;
081020;13:45:49;2.93;18.58;12.22;4.61;6.19;5.05;2.96;0.00;0.00;0.00;0.04;0.04;0.04;3.54;7.98;1.02;23.37;18.40;11.58;5.79;0.91;0.97;0.23;0.45;13.16;3.94;2.46;8.39;2.52;0.00;0.00;0.50;0.59;0.00;9.44;0.15;0.26;29.48;0.27;3.70;1.41;3.28;0.02;0.07;0.09;0.19;0.41;0.02;
081020;13:45:51;2.93;18.57;12.21;4.60;6.19;5.05;2.96;0.00;0.00;0.00;0.04;0.04;0.04;3.54;7.98;1.02;23.37;18.40;11.58;5.73;0.91;0.95;0.23;0.45;13.16;3.94;2.46;8.39;2.52;0.00;0.00;0.50;0.59;0.00;8.60;0.11;0.17;28.38;0.22;3.67;1.40;3.26;0.02;0.06;0.09;0.18;0.39;0.02;
081020;13:45:54;2.92;18.48;12.17;4.59;6.17;5.03;2.95;0.00;0.00;0.00;0.04;0.04;0.04;3.50;7.97;1.00;23.28;18.36;11.51;5.71;0.91;0.95;0.23;0.45;13.07;3.93;2.43;8.35;2.52;0.00;0.00;0.50;0.59;0.00;8.66;0.11;0.17;28.47;0.22;3.25;1.27;2.96;0.02;0.09;0.13;0.25;0.51;0.03;
081020;13:45:56;2.91;18.43;12.14;4.57;6.15;5.02;2.94;0.00;0.00;0.00;0.04;0.04;0.04;3.47;7.95;0.99;23.17;18.31;11.42;5.64;0.90;0.93;0.22;0.45;13.05;3.92;2.42;8.34;2.52;0.00;0.00;0.50;0.59;0.00;15.16;1.04;2.45;35.77;0.82;3.79;1.44;3.35;0.01;0.04;0.05;0.13;0.28;0.01;
081020;13:45:58;2.91;18.42;12.13;4.57;6.15;5.02;2.94;0.00;0.00;0.00;0.04;0.04;0.04;3.43;7.93;0.97;23.06;18.26;11.33;5.61;0.90;0.92;0.22;0.45;12.86;3.90;2.35;8.27;2.50;0.00;0.00;0.50;0.59;0.00;9.46;0.16;0.26;29.50;0.27;3.68;1.41;3.27;0.01;0.03;0.04;0.11;0.24;0.01;
081020;13:46:00;2.91;18.41;12.13;4.57;6.14;5.02;2.94;0.00;0.00;0.00;0.04;0.04;0.04;3.42;7.93;0.97;23.03;18.25;11.31;5.57;0.89;0.91;0.22;0.44;12.82;3.90;2.33;8.25;2.50;0.00;0.00;0.50;0.59;0.00;11.02;0.29;0.54;31.40;0.39;3.99;1.51;3.49;0.05;0.17;0.30;0.44;0.85;0.06;
081020;13:46:03;2.91;18.41;12.13;4.57;6.14;5.02;2.94;0.00;0.00;0.00;0.04;0.04;0.04;3.39;7.91;0.95;22.94;18.21;11.24;5.53;0.89;0.90;0.22;0.44;13.00;3.92;2.40;8.32;2.51;0.00;0.00;0.50;0.59;0.00;13.19;0.59;1.27;33.79;0.59;3.75;1.43;3.32;0.01;0.04;0.05;0.12;0.27;0.01;
081020;13:46:05;2.90;18.33;12.09;4.55;6.12;5.01;2.93;0.00;0.00;0.00;0.04;0.04;0.04;3.41;7.92;0.96;23.01;18.24;11.30;5.50;0.89;0.90;0.22;0.44;13.04;3.92;2.41;8.34;2.51;0.00;0.00;0.50;0.59;0.00;9.27;0.14;0.24;29.26;0.26;3.45;1.33;3.10;0.01;0.05;0.07;0.15;0.33;0.02;
081020;13:46:07;2.90;18.36;12.10;4.56;6.13;5.01;2.94;0.00;0.00;0.00;0.04;0.04;0.04;3.38;7.91;0.95;22.94;18.21;11.24;5.50;0.89;0.89;0.22;0.44;13.04;3.92;2.42;8.34;2.51;0.00;0.00;0.50;0.59;0.00;10.81;0.27;0.50;31.16;0.37;3.09;1.21;2.84;0.01;0.03;0.03;0.09;0.22;0.01;
081020;13:46:10;2.91;18.40;12.12;4.57;6.14;5.02;2.94;0.00;0.00;0.00;0.04;0.04;0.04;3.38;7.91;0.95;22.92;18.20;11.22;5.43;0.88;0.88;0.21;0.44;12.95;3.91;2.38;8.30;2.51;0.00;0.00;0.50;0.59;0.00;11.86;0.39;0.77;32.36;0.46;3.83;1.45;3.37;0.02;0.07;0.10;0.20;0.43;0.02;
081020;13:46:12;2.90;18.37;12.11;4.56;6.13;5.01;2.94;0.00;0.00;0.00;0.04;0.04;0.04;3.38;7.91;0.95;22.92;18.20;11.22;5.41;0.88;0.87;0.21;0.44;12.93;3.91;2.37;8.30;2.51;0.00;0.00;0.50;0.59;0.00;11.86;0.39;0.77;32.36;0.46;4.90;1.79;4.12;0.04;0.13;0.23;0.36;0.71;0.05;
081020;13:46:14;2.90;18.28;12.06;4.54;6.11;5.00;2.93;0.00;0.00;0.00;0.04;0.04;0.04;3.38;7.91;0.95;22.92;18.20;11.22;5.39;0.88;0.87;0.21;0.44;12.93;3.91;2.37;8.30;2.51;0.00;0.00;0.50;0.59;0.00;8.51;0.10;0.16;28.26;0.21;3.17;1.24;2.90;0.01;0.05;0.07;0.15;0.33;0.02;
081020;13:46:17;2.88;18.19;12.01;4.52;6.08;4.98;2.92;0.00;0.00;0.00;0.04;0.04;0.04;3.38;7.91;0.95;22.92;18.20;11.22;5.31;0.87;0.85;0.21;0.43;12.75;3.89;2.30;8.22;2.49;0.00;0.00;0.50;0.59;0.00;9.79;0.18;0.31;29.92;0.29;3.87;1.47;3.40;0.02;0.08;0.11;0.22;0.46;0.03;
081020;13:46:19;2.88;18.17;12.00;4.51;6.07;4.97;2.91;0.00;0.00;0.00;0.04;0.04;0.04;3.38;7.91;0.95;22.92;18.20;11.22;5.29;0.87;0.84;0.21;0.43;12.98;3.92;2.39;8.32;2.51;0.00;0.00;0.50;0.59;0.00;10.76;0.26;0.49;31.10;0.37;4.76;1.75;4.02;0.10;0.31;0.65;0.77;1.38;0.12;
081020;13:46:21;2.88;18.16;12.00;4.51;6.07;4.97;2.91;0.00;0.00;0.00;0.04;0.04;0.04;3.38;7.91;0.95;22.92;18.20;11.22;5.29;0.87;0.84;0.21;0.43;12.94;3.91;2.38;8.30;2.51;0.00;0.00;0.49;0.59;0.00;14.82;0.95;2.20;35.43;0.78;4.29;1.60;3.69;0.01;0.04;0.05;0.11;0.26;0.01;
081020;13:46:24;2.88;18.12;11.98;4.50;6.06;4.96;2.91;0.00;0.00;0.00;0.04;0.04;0.04;3.38;7.91;0.95;22.92;18.20;11.22;5.29;0.87;0.84;0.21;0.43;12.75;3.89;2.30;8.22;2.49;0.00;0.00;0.50;0.59;0.00;10.01;0.20;0.35;30.20;0.31;3.54;1.36;3.16;0.01;0.03;0.04;0.10;0.24;0.01;
081020;13:46:26;2.88;18.12;11.98;4.50;6.06;4.96;2.91;0.00;0.00;0.00;0.04;0.04;0.04;3.29;7.86;0.91;22.65;18.09;11.01;5.20;0.86;0.82;0.21;0.43;12.62;3.87;2.26;8.17;2.48;0.00;0.00;0.49;0.59;0.00;11.76;0.37;0.74;32.25;0.45;4.56;1.69;3.88;0.02;0.08;0.12;0.23;0.48;0.03;
081020;13:46:28;2.86;18.00;11.91;4.48;6.02;4.94;2.89;0.00;0.00;0.00;0.04;0.04;0.04;3.24;7.84;0.89;22.51;18.03;10.90;5.16;0.86;0.81;0.21;0.43;12.60;3.87;2.25;8.16;2.48;0.00;0.00;0.49;0.59;0.00;11.32;0.32;0.62;31.75;0.41;5.27;1.91;4.36;0.03;0.12;0.19;0.32;0.64;0.04;
081020;13:46:31;2.86;17.93;11.88;4.46;6.00;4.93;2.89;0.00;0.00;0.00;0.04;0.04;0.04;3.20;7.82;0.88;22.40;17.98;10.82;5.11;0.85;0.80;0.20;0.42;12.68;3.88;2.28;8.20;2.49;0.00;0.00;0.49;0.59;0.00;9.93;0.19;0.33;30.10;0.30;3.56;1.37;3.18;0.01;0.04;0.04;0.11;0.25;0.01;
081020;13:46:33;2.85;17.92;11.87;4.46;6.00;4.92;2.89;0.00;0.00;0.00;0.04;0.04;0.04;3.19;7.81;0.87;22.37;17.97;10.80;5.09;0.85;0.79;0.20;0.42;12.70;3.88;2.28;8.20;2.49;0.00;0.00;0.49;0.59;0.00;11.70;0.37;0.72;32.17;0.45;4.49;1.67;3.84;0.03;0.12;0.20;0.33;0.65;0.04;
081020;13:46:35;2.84;17.84;11.83;4.44;5.97;4.91;2.88;0.00;0.00;0.00;0.04;0.04;0.04;3.19;7.81;0.87;22.37;17.96;10.79;5.07;0.85;0.79;0.20;0.42;12.61;3.87;2.25;8.17;2.48;0.00;0.00;0.49;0.59;0.00;12.59;0.49;1.02;33.15;0.53;5.05;1.84;4.22;0.03;0.09;0.14;0.25;0.52;0.03;
081020;13:46:37;2.84;17.79;11.80;4.43;5.96;4.90;2.87;0.00;0.00;0.00;0.04;0.04;0.04;3.19;7.81;0.87;22.37;17.96;10.79;5.02;0.84;0.78;0.20;0.42;12.59;3.87;2.24;8.16;2.48;0.00;0.00;0.49;0.59;0.00;12.76;0.52;1.09;33.34;0.55;4.50;1.67;3.84;0.01;0.05;0.06;0.14;0.30;0.01;
081020;13:46:40;2.84;17.81;11.82;4.44;5.97;4.90;2.87;0.00;0.00;0.00;0.04;0.04;0.04;3.19;7.81;0.87;22.37;17.96;10.79;5.01;0.84;0.77;0.20;0.42;12.59;3.87;2.24;8.16;2.48;0.00;0.00;0.49;0.59;0.00;8.97;0.13;0.21;28.88;0.24;3.71;1.42;3.29;0.01;0.04;0.04;0.11;0.25;0.01;
081020;13:46:42;2.83;17.70;11.76;4.41;5.93;4.88;2.86;0.00;0.00;0.00;0.03;0.04;0.04;3.19;7.81;0.87;22.37;17.96;10.79;4.98;0.84;0.77;0.20;0.42;12.59;3.87;2.24;8.16;2.48;0.00;0.00;0.49;0.59;0.00;9.87;0.18;0.32;30.03;0.30;3.59;1.38;3.20;0.02;0.07;0.11;0.21;0.44;0.02;
081020;13:46:44;2.83;17.68;11.75;4.41;5.93;4.88;2.86;0.00;0.00;0.00;0.03;0.04;0.04;3.10;7.77;0.84;22.11;17.85;10.59;4.91;0.83;0.75;0.20;0.41;12.50;3.85;2.21;8.12;2.47;0.00;0.00;0.49;0.59;0.00;11.87;0.39;0.77;32.37;0.46;4.22;1.58;3.65;0.04;0.13;0.21;0.34;0.68;0.04;
081020;13:46:47;2.83;17.68;11.75;4.40;5.93;4.88;2.86;0.00;0.00;0.00;0.03;0.04;0.04;3.09;7.76;0.83;22.06;17.83;10.55;4.91;0.83;0.75;0.20;0.41;12.57;3.86;2.24;8.15;2.48;0.00;0.00;0.49;0.59;0.00;11.77;0.37;0.74;32.26;0.45;4.37;1.63;3.75;0.03;0.10;0.15;0.27;0.56;0.03;
081020;13:46:49;2.87;18.03;11.93;4.48;6.03;4.95;2.90;0.00;0.00;0.00;0.04;0.04;0.04;3.32;7.88;0.92;22.74;18.13;11.08;4.97;0.84;0.77;0.20;0.42;12.77;3.89;2.31;8.23;2.49;0.00;0.00;0.49;0.59;0.00;13.85;0.72;1.60;34.47;0.66;3.99;1.51;3.49;0.04;0.13;0.22;0.35;0.69;0.05;
081020;13:46:51;2.88;18.18;12.01;4.52;6.07;4.97;2.92;0.00;0.00;0.00;0.04;0.04;0.04;3.33;7.89;0.93;22.79;18.15;11.12;4.98;0.84;0.77;0.20;0.42;12.80;3.89;2.33;8.25;2.50;0.00;0.00;0.50;0.59;0.00;12.30;0.45;0.91;32.84;0.50;4.22;1.58;3.65;0.04;0.15;0.25;0.39;0.75;0.05;
081020;13:46:54;2.88;18.17;12.00;4.51;6.07;4.97;2.91;0.00;0.00;0.00;0.04;0.04;0.04;3.34;7.89;0.93;22.80;18.15;11.13;4.99;0.84;0.77;0.20;0.42;12.81;3.89;2.33;8.25;2.50;0.00;0.00;0.50;0.59;0.00;12.20;0.43;0.88;32.73;0.49;4.40;1.64;3.77;0.03;0.10;0.15;0.27;0.56;0.03;
081020;13:46:56;2.88;18.12;11.98;4.50;6.06;4.96;2.91;0.00;0.00;0.00;0.04;0.04;0.04;3.37;7.90;0.95;22.90;18.19;11.20;4.97;0.84;0.77;0.20;0.42;12.91;3.91;2.36;8.29;2.50;0.00;0.00;0.50;0.59;0.00;12.09;0.42;0.84;32.61;0.48;3.72;1.42;3.29;0.01;0.05;0.06;0.14;0.32;0.02;
081020;13:46:58;2.88;18.16;12.00;4.51;6.07;4.97;2.91;0.00;0.00;0.00;0.03;0.04;0.04;3.38;7.91;0.95;22.91;18.20;11.22;4.97;0.84;0.76;0.20;0.42;12.92;3.91;2.37;8.29;2.51;0.00;0.00;0.50;0.59;0.00;10.40;0.23;0.41;30.67;0.34;3.49;1.34;3.13;0.01;0.02;0.02;0.07;0.17;0.01;
081020;13:47:01;2.88;18.16;12.00;4.51;6.07;4.97;2.91;0.00;0.00;0.00;0.03;0.04;0.04;3.35;7.89;0.94;22.83;18.16;11.15;4.94;0.84;0.76;0.20;0.42;13.11;3.93;2.45;8.37;2.52;0.00;0.00;0.50;0.59;0.00;10.06;0.20;0.35;30.25;0.31;3.62;1.39;3.23;0.01;0.03;0.04;0.10;0.24;0.01;
081020;13:47:03;2.88;18.12;11.98;4.50;6.06;4.96;2.91;0.00;0.00;0.00;0.03;0.04;0.04;3.25;7.84;0.90;22.55;18.04;10.93;4.90;0.83;0.75;0.20;0.41;12.87;3.90;2.35;8.27;2.50;0.00;0.00;0.50;0.59;0.00;10.60;0.25;0.45;30.91;0.35;4.29;1.60;3.70;0.04;0.15;0.26;0.40;0.77;0.05;
081020;13:47:05;2.86;18.00;11.92;4.48;6.02;4.94;2.89;0.00;0.00;0.00;0.03;0.04;0.04;3.23;7.83;0.89;22.49;18.02;10.89;4.89;0.83;0.75;0.20;0.41;12.83;3.90;2.33;8.25;2.50;0.00;0.00;0.50;0.59;0.00;11.63;0.36;0.70;32.10;0.44;4.10;1.54;3.56;0.03;0.09;0.14;0.26;0.53;0.03;
081020;13:47:08;2.86;18.01;11.92;4.48;6.03;4.94;2.90;0.00;0.00;0.00;0.03;0.04;0.04;3.20;7.82;0.88;22.39;17.97;10.81;4.89;0.83;0.75;0.20;0.41;12.82;3.89;2.33;8.25;2.50;0.00;0.00;0.50;0.59;0.00;8.89;0.12;0.20;28.76;0.23;3.80;1.45;3.36;0.01;0.04;0.05;0.12;0.28;0.01;
081020;13:47:10;2.87;18.05;11.94;4.49;6.04;4.95;2.90;0.00;0.00;0.00;0.03;0.04;0.04;3.19;7.81;0.87;22.37;17.96;10.80;4.89;0.83;0.75;0.20;0.41;12.63;3.87;2.26;8.18;2.48;0.00;0.00;0.50;0.59;0.00;13.69;0.69;1.51;34.31;0.65;3.79;1.44;3.35;0.02;0.08;0.11;0.22;0.45;0.03;
081020;13:47:12;2.87;18.02;11.93;4.48;6.03;4.95;2.90;0.00;0.00;0.00;0.03;0.04;0.04;3.22;7.83;0.88;22.46;18.00;10.86;4.84;0.83;0.74;0.19;0.41;12.69;3.88;2.28;8.20;2.49;0.00;0.00;0.50;0.59;0.00;8.70;0.11;0.18;28.52;0.22;3.49;1.34;3.13;0.02;0.06;0.07;0.16;0.35;0.02;
081020;13:47:14;2.86;17.94;11.88;4.46;6.00;4.93;2.89;0.00;0.00;0.00;0.03;0.04;0.04;3.20;7.82;0.88;22.39;17.97;10.81;4.81;0.82;0.73;0.19;0.41;12.61;3.87;2.25;8.17;2.48;0.00;0.00;0.50;0.59;0.00;12.44;0.47;0.96;32.99;0.52;4.06;1.53;3.53;0.03;0.09;0.13;0.25;0.51;0.03;
081020;13:47:17;2.85;17.88;11.86;4.45;5.99;4.92;2.88;0.00;0.00;0.00;0.03;0.04;0.04;3.19;7.81;0.87;22.37;17.96;10.80;4.80;0.82;0.72;0.19;0.41;12.68;3.88;2.28;8.20;2.49;0.00;0.00;0.49;0.59;0.00;11.63;0.36;0.70;32.10;0.44;3.68;1.41;3.27;0.01;0.03;0.04;0.10;0.24;0.01;
081020;13:47:19;2.85;17.91;11.87;4.46;6.00;4.92;2.88;0.00;0.00;0.00;0.03;0.04;0.04;3.19;7.81;0.87;22.37;17.96;10.79;4.80;0.82;0.72;0.19;0.41;12.61;3.87;2.25;8.17;2.48;0.00;0.00;0.49;0.59;0.00;10.05;0.20;0.35;30.24;0.31;3.86;1.46;3.39;0.02;0.07;0.10;0.20;0.43;0.02;
081020;13:47:21;2.85;17.92;11.87;4.46;6.00;4.92;2.89;0.00;0.00;0.00;0.03;0.04;0.04;3.19;7.81;0.87;22.37;17.96;10.79;4.75;0.82;0.71;0.19;0.41;12.59;3.87;2.24;8.16;2.48;0.00;0.00;0.50;0.59;0.00;16.34;1.40;3.48;36.87;0.98;4.29;1.60;3.69;0.02;0.07;0.10;0.21;0.43;0.02;
081020;13:47:24;2.84;17.84;11.83;4.44;5.97;4.91;2.88;0.00;0.00;0.00;0.03;0.04;0.04;3.19;7.81;0.87;22.37;17.96;10.79;4.71;0.82;0.70;0.19;0.41;12.59;3.87;2.24;8.16;2.48;0.00;0.00;0.49;0.59;0.00;16.40;1.42;3.55;36.93;0.99;3.91;1.48;3.43;0.01;0.03;0.04;0.10;0.23;0.01;
081020;13:47:26;2.85;17.86;11.84;4.45;5.98;4.91;2.88;0.00;0.00;0.00;0.03;0.04;0.04;3.19;7.81;0.87;22.37;17.96;10.79;4.70;0.81;0.70;0.19;0.41;12.68;3.88;2.28;8.20;2.49;0.00;0.00;0.49;0.59;0.00;13.27;0.61;1.31;33.87;0.60;4.31;1.61;3.71;0.02;0.06;0.07;0.16;0.35;0.02;
081020;13:47:28;2.85;17.87;11.85;4.45;5.98;4.91;2.88;0.00;0.00;0.00;0.03;0.04;0.04;3.16;7.80;0.86;22.28;17.92;10.73;4.69;0.81;0.70;0.19;0.40;12.52;3.86;2.22;8.13;2.47;0.00;0.00;0.49;0.59;0.00;15.37;1.10;2.61;35.97;0.85;5.13;1.87;4.27;0.03;0.09;0.14;0.26;0.53;0.03;
